CrystalName,CompoundSMILES,CompoundCode,MountingResult,DataCollectionOutcome,LigandBound
MUREECA-x0263,O=C(NCC=1C=CC=2OCOC2C1)C3=NNC=4C=CC=CC34,Z31428352,OK,success,No
MUREECA-x0264,CS(=O)(=O)NC=1C=C(C=CC1F)C(=O)NC=2C=CC3=CNN=C3C2,Z1005269362,OK,success,No
MUREECA-x0265,NC(=O)C=1C=CC(CSC=2N=C(N)C=C(N)N2)=C(C1)[N+](=O)[O-],Z165645656,OK,success,No
MUREECA-x0266,NC=1N=C(CN(CC2CCCO2)CC=3C=CC=NC3)N=C4C=CC=CC14,Z1469057666,OK,success,No
MUREECA-x0267,CC1OC=2C=CC(NC(=O)CC3=CNC=4C=CC=CC34)=CC2NC1=O,Z110096110,OK,success,No
MUREECA-x0268,CC=1C=C(NC(=O)NCCNC(=O)C2=CC=CN2C)C=C3NN=CC13,Z1557592893,OK,success,No
MUREECA-x0269,OC=1C=CC(C2=CSC(NC=3C=CC=4OCCOC4C3)=N2)=C(O)C1,Z48851300,OK,success,No
MUREECA-x0270,COC=1C=CC(OCC2=CC=3C=CC=CC3C(=O)N2)=C(C1)C(=O)N,Z1742686736,OK,success,No
MUREECA-x0271,O=C(NCC=1C=CC=2OCOC2C1)C3=NNC(=O)C=4C=CC=CC34,Z27695286,OK,success,No
MUREECA-x0272,COC=1C=C2N=C(CN(C)C=3C=CC=C(O)C3)NC(=O)C2=CC1OC,Z1230415721,OK,success,No
MUREECA-x0273,OC=1C=CC=C(NC(=O)CCC2=NC=3C=CC=CC3C(=O)N2)C1,Z31717432,OK,success,No
MUREECA-x0274,CC1=NN=C(O1)C2CN(CCO2)C(=O)CN3C(=O)NC=4C=CC=CC34,Z1754180927,OK,success,No
MUREECA-x0275,COC=1C=CC(OCC2=NNC(=N2)C=3C=CC=NC3)=CC1,Z57339412,OK,success,No
MUREECA-x0276,COC(C)(C)C1=NOC(CC2=CSC(=N2)N3CCNC3=O)=N1,Z1381367571,OK,success,No
MUREECA-x0277,COCCNC(=O)CSC1=NN=C2NC=3C=CC=CC3N12,Z16225295,OK,success,No
MUREECA-x0278,O=C1NCCN1C2=NC(CC3=NC(=NO3)C4CCOC4)=CS2,Z1407882427,OK,None,
MUREECA-x0279,COC=1C=CC(CNC(=O)C2=C(C)OC=3N=CNC(=O)C23)=CC1,Z94789885,OK,None,
MUREECA-x0280,Cl.Cl.CCN1CCN(CC1)C=2C=NC=C(Br)C2,Z1172208621,OK,success,No
MUREECA-x0281,NC=1NN=C(CCCCCNC=2N=CN=C3SC=CC23)C1C#N,Z31129458,OK,success,No
MUREECA-x0282,CCC=1C=C(NN1)C(=O)NCC(N(C)C)C=2C=CC(OC)=CC2,Z365298776,OK,success,No
MUREECA-x0283,CC(SC=1N=C(N)N=C(N)N1)C(=O)NCC=2C=CC=3OCOC3C2,Z17559315,OK,None,
MUREECA-x0284,COC=1C=CC(=CC1)C2=CC(=NN2)N(C)CC3=NNC(=O)S3,Z1824274849,OK,None,
MUREECA-x0285,COC=1C=CC(CNC(=O)C2=C(C)OC=3N=CNC(=O)C23)=CC1OC,Z82184050,OK,success,No
MUREECA-x0286,NS(=O)(=O)C=1C=CC=C(NC(=O)C2=CC=3CCCC3S2)C1,Z56831588,OK,None,
MUREECA-x0287,CC1=NN(C)C=2NC(=O)C(CCC(=O)NC=3C=NN(C)C3)=C(C)C12,Z373770778,OK,success,No
MUREECA-x0288,C(SC=1N=NC=2C=3C=CC=CC3NC2N1)C4=NC=5C=CC=CC5S4,Z19126119,OK,success,No
MUREECA-x0289,NC=1N=C(NCC=2C=CC=3OCOC3C2)N=CC1[N+](=O)[O-],Z641206860,OK,success,No
,COC=1C=CC(NC(=O)CSC=2N=CN=C3NN=CC23)=CC1,Z56936356,FAIL,,
MUREECA-x0290,CC1=NC(=NN1)C=2C=CC=C(CNC(=O)C3=CC=CS3)C2,Z1530946344,OK,success,No
MUREECA-x0291,COC=1C=CC=CC1C=2C=C(CSC=3N=C(N)N=C(N)N3)ON2,Z217737566,OK,success,No
MUREECA-x0292,CS(=O)C=1C=CC(CNC=2C=CC(NC(=O)C3CC3)=NC2)=CC1,Z1478432600,OK,success,No
MUREECA-x0293,O=C(NCC1COC=2C=CC=CC2O1)C3=NNC(=O)C=4C=CC=CC34,Z29885103,OK,None,
MUREECA-x0294,NC(=O)CN1CCCC1C=2C=CC=3OCCOC3C2,Z103860258,OK,success,No
MUREECA-x0295,NC(=O)C(CC=1C=CC=CC1)NC(=O)CN2C=C(N=N2)C=3C=CC=CC3,Z1426335808,OK,success,No
MUREECA-x0296,COC=1C=CC(CNC=2N=CC([N+](=O)[O-])=C(N)N2)=CN1,Z643599154,OK,success,No
MUREECA-x0297,COC(C(=O)NC=1C=CC=2OC(C)C(=O)NC2C1)C=3C=CC=CC3,Z442692294,OK,success,No
MUREECA-x0298,CCCCC1=NN=C(NC(=O)CN(C)C=2N=CN=C3N=CNC23)S1,Z776735836,OK,success,No
MUREECA-x0299,CN1C=C(C=N1)C2=NC(CNC=3C=C(Cl)C=CC3C(=O)N)=CS2,Z1419679430,OK,None,
MUREECA-x0300,NC=1N=C(CSCC(=O)NC=2C=CC=CC2)N=C3C=CC=CC13,Z1137690688,OK,success,No
MUREECA-x0301,CN1N=CC=C1CC2=NOC(=N2)C3=NNC(=O)C=4C=CC=CC34,Z1685134911,OK,success,No
MUREECA-x0302,Cl.NC(=O)C=1C=C(C=CC1O)C2=CSC(NC3CC3)=N2,Z203053480,OK,success,No
MUREECA-x0303,CC1(CCNC(=O)CC1)C=2C=CC=CC2,Z2028214363,OK,success,No
MUREECA-x0304,COC=1C=CC(OCC=2N=C(N)C=3C=CC=CC3N2)=C(C1)[N+](=O)[O-],Z167849056,OK,success,No
MUREECA-x0305,CCC1=CC(=NN1)C(=O)NCC=2C=CC(=CC2)C(=O)O,Z1443594996,OK,success,No
MUREECA-x0306,CN(C)C(=O)CNC(=O)CSC=1N=C(N)C=2C=CSC2N1,Z166467790,OK,success,No
MUREECA-x0307,O=C(CC=1C=CC=2C=NNC2C1)N3CCN(CC3)C=4N=CC=CN4,Z1835954542,OK,success,No
MUREECA-x0308,NC=1N=C(COC=2C=CC(=CC2)[N+](=O)[O-])N=C3C=CC=CC13,Z167838862,OK,success,No
MUREECA-x0309,CC1(CC1)C=2C=C(NN2)N3CCN(CC3)C(=O)C=4C=CN=CC4F,Z1952865255,OK,None,
MUREECA-x0310,NC=1N=C(SCC2=COC(=N2)C3=CC=CS3)N=C4SC=CC14,Z166468496,OK,success,No
MUREECA-x0311,NC(=O)C=1C=NN2CCC(CNC(=O)C=3C=CC=4NC=NC4C3)CC12,Z1852075533,OK,success,No
MUREECA-x0312,CC(C)CNC(=O)NC(=O)CSC=1N=C(N)C=2C=CSC2N1,Z166465770,OK,None,
MUREECA-x0313,CC(NC(=O)C1=NNC=2C=CC=CC12)C=3C=CC=C(C3)S(=O)(=O)N,Z191126564,OK,success,No
MUREECA-x0314,NC=1N=C(CSC=2N=CC=CN2)N=C3SC=4CCCCC4C13,Z167801970,OK,success,No
MUREECA-x0315,CC(C)C1=NSC(=N1)N2CCCC(C2)C3=NNC(=O)O3,Z2033609726,OK,Failed - low resolution,
MUREECA-x0316,CS(=O)C=1C=CC(CNC=2N=CC([N+](=O)[O-])=C(N)N2)=CC1,Z1357256284,OK,success,No
MUREECA-x0317,CC(NC(=O)CC1=NNC(=O)C=2C=CC=CC12)C=3C=CC=NC3,Z83017152,OK,success,No
MUREECA-x0318,NC(=O)C=1C=CC=CC1N2CCC(C2)NC(=O)C=3C=CC(Cl)=CN3,Z1231837049,OK,success,No
MUREECA-x0319,NC=1N=C(COC=2C=CC=NC2[N+](=O)[O-])N=C3C=CC=CC13,Z167856942,OK,success,No
MUREECA-x0320,NC(=O)C=1C(Cl)=CC=CC1NCC=2C=CC=C(C#N)C2F,Z1589570777,OK,success,No
MUREECA-x0321,CC(C)C(=O)NC=1C=CC(C#N)=CC1,Z30612234,OK,Failed - low resolution,
MUREECA-x0322,CC(C(=O)NC=1C=NN(CC(=O)N)C1)C2=CC=C(Cl)S2,Z1347877672,OK,success,No
MUREECA-x0323,CCOC=1C=CC(NC2=NC(=CS2)C=3C=CC(O)=CC3O)=CC1,Z48861640,OK,None,
MUREECA-x0324,CC1=NN(C=2C=CC(F)=CC2)C=3NN=C(NC(=O)CC=4C=CON4)C13,Z1315026747,OK,Failed - low resolution,
MUREECA-x0325,COC=1C=CC(CNC=2N=CN=C3N(CCO)N=CC23)=CN1,Z990856154,OK,success,No
,OC=1C=CC(=CC1)C(=O)CSC2=NNC3=NC=4C=CC=CC4N23,Z112433702,FAIL: Melted,,
MUREECA-x0326,FC=1C=CC=C(F)C1C2=CC(NC(=O)C3CCCC=4NN=CC34)=NN2,Z1410243144,OK,success,No
MUREECA-x0327,CC1=NN(C)C(C)=C1C2CCCN2CC=3N=C(N)C=4C=CC=CC4N3,Z1141203222,OK,success,No
MUREECA-x0328,CC(=O)C=1C=CC(CNC(=O)C2=NNC=3C=CC=CC23)=NC1C,Z1544591530,OK,success,No
MUREECA-x0329,CC(CO)(CO)NC(=O)NC=1C=CC=CC1,Z57472297,OK,success,No
MUREECA-x0330,CC1=NNC=2N=CC(NS(=O)(=O)CC=3C=CC(C#N)=CC3)=CC12,Z1601701772,OK,success,No
MUREECA-x0331,CNC=1N=C(C)C=C(N1)C(=O)N[C@H](CC=2C=CC=CC2)C(=O)O,Z2295601457,OK,success,No
MUREECA-x0332,O=C(NC=1C=CN(CC=2C=CN=CC2)N1)NC=3C=CN=CN3,Z1889528746,OK,success,No
MUREECA-x0333,COC=1C=CC(=CC1)C2CCCCCN2CC=3N=C(N)N=C(N)N3,Z126474000,OK,success,No
MUREECA-x0334,CC=1C=C(COCC(=O)NC2=NNC=3C=C(F)C=CC23)ON1,Z2014289995,OK,success,No
MUREECA-x0335,COC=1C=CC(CNC(=O)C2=NNC=3C=CC=CC23)=CC1,Z32388176,OK,success,No
MUREECA-x0336,CCCC1=CC(NS(=O)(=O)C=2C=CC(=CC2)C(=O)N(C)C)=NN1,Z1996872008,OK,success,No
,NC(=O)C=1C=CC=CC1OCC2=NN=C(O2)C=3C=CC=CC3,Z25777642,FAIL: Melted,,
MUREECA-x0337,CC(CC=1C(C)=NN(C)C1C)NC(=O)C=2C=C(Cl)C=C(F)C2N,Z1982323353,OK,success,No
MUREECA-x0338,CCN1CCN(CC1)C(=O)NC=2C=CC(C)=CC2,Z44585618,OK,success,No
MUREECA-x0339,CC1=NC(=NN1)C=2C=CC=C(NC(=O)CC3=CC=C(Cl)S3)C2,Z2010503124,OK,None,
MUREECA-x0340,Cl.O=C1CCN(CC=2C=CC=CC2)CCN1,Z56800698,OK,None,
MUREECA-x0341,O=C(NC=1C=CC=C(C1)C2=NC=CN2)C=3NN=C4CCCCC34,Z1231798863,OK,success,No
MUREECA-x0342,CC=1C=C(C)N2N=C(SCC=3N=C(N)C=4C=CC=CC4N3)N=C2N1,Z167718922,OK,success,No
MUREECA-x0343,OCCNC1=NC=2C=CC=CC2N1CC(=O)NCC3CCCO3,Z25714070,OK,success,No
MUREECA-x0344,COC=1C=CC(OCCSCC=2N=C(N)N=C(N)N2)=CC1,Z99551913,OK,None,
,CC1=CC=C(C(=O)NCC2=NC(=NO2)C=3C=CC=NC3)C(=O)N1,Z647382560,FAIL: Melted,,
,NC(=O)C1CCCCC1NC=2C=CC=3N=CC=NC3N2,Z1422042115,FAIL: Melted,,
MUREECA-x0345,CC1=C(N=NN1C=2C=CC=C3C=CC=NC23)C(=O)NCC=4C=CC=NC4,Z1165168528,OK,success,No
MUREECA-x0346,CC1=NOC(CNC=2C=CC=C(OC=3C=CC=CC3C(=O)N)C2)=N1,Z1325974399,OK,success,No
MUREECA-x0347,OCCN1N=CC=2C(NCC=3C=CNN3)=NC=NC12,Z990878262,OK,Failed - low resolution,
MUREECA-x0348,CN(CCO)C1(CNC2=NN3C(=O)C=CN=C3S2)CCCCC1,Z1203680577,OK,success,No
,OC=1C=CC(Cl)=CC1NC(=O)C=2C=NC=3NC(=O)NC(=O)C3C2,Z1165227098,FAIL: Melted,,
MUREECA-x0349,CCNC(=O)CN1C=CC(NC(=O)C=2C=CC=C(C2)N3C=CC=N3)=N1,Z1219888793,OK,success,No
MUREECA-x0350,O=C(NC=1C=CC=C(CN2C=NC=3C=CC=CC23)C1)C4CCC(=O)N4,Z1167942545,OK,None,
,CN1N=CC(NCC=2C=CNN2)=C(Br)C1=O,Z1189016073,FAIL: Melted,,
,NC=1N=CN=C2N(CCCSC=3N=CN=C4C=CC=CC34)C=NC12,Z915390666,FAIL: Melted,,
MUREECA-x0351,CN1C(SCC=2N=C(N)C=3C=CC=CC3N2)=NN=C1C(F)(F)F,Z167849604,OK,success,No
MUREECA-x0352,OC(=O)C(CNC(=O)C=1C=CC=2C=CNC2C1)CC=3C=CC=CC3F,Z1445326541,OK,success,No
MUREECA-x0353,OC(=O)C=1C=CC=CC1NS(=O)(=O)C=2C=CC=3CCNC(=O)C3C2,Z1672660229,OK,success,No
MUREECA-x0354,NC=1C=CC=2C(NCCNC=3C=CC(=CC3)[N+](=O)[O-])=NC=NC2N1,Z1537055266,OK,success,No
MUREECA-x0355,CCN1C(NC(=O)CCC2=NN=CN2)=NC=3C=C(C)C=CC13,Z1594722049,OK: Melted,success,No
MUREECA-x0356,CCS(=O)(=O)C=1C=CC(CNC(=O)C=2NN=C3CCCCC23)=CC1,Z1610792820,OK,success,No
MUREECA-x0357,CN1CCN(CC2=CC=3C=CC=CC3NC2=O)CC1C4=NC(C)=NO4,Z2053817169,OK,success,No
MUREECA-x0358,CC1=NN(CC=2N=C(N)N=C(NC=3C=CC=CC3)N2)C(=O)C(C#N)=C1C,Z107289492,OK,success,No
MUREECA-x0359,CN(CC(=O)NC=1C=CC(F)=CC1)CC=2N=C(N)C=3C=CC=CC3N2,Z195626578,OK,success,No
MUREECA-x0360,NC(=O)C1CCN(C1)C(=O)CCC=2C=NN(C2)C=3C=CC=CC3,Z438021866,OK,success,No
MUREECA-x0361,CCOC=1C=CC(OCCN2CC(OC=3C=CC=CC23)C(=O)N)=CC1,Z89105592,OK,success,No
MUREECA-x0362,CC=1C=C(NCCOC=2C=CC=3OCOC3C2)N=C(N)N1,Z645593308,OK,success,No
MUREECA-x0363,CC(SC=1N=C(N)N=C(N)N1)C(=O)NC=2C=CC=3OCCOC3C2,Z17559309,OK,success,No
,NC(=O)C1CCN(C1)C(=O)CCCC2=NN=C(O2)C=3C=CC=CC3,Z666973398,FAIL: Melted,,
MUREECA-x0364,CC1CCC2=C(C1)SC=3N=C(CSC4=NN=NN4C)N=C(N)C23,Z193663186,OK,success,No
MUREECA-x0365,CN1N=C(C=CC1=O)C(=O)N(CCC(=O)N)CC=2C=CC=CC2,Z167529348,OK,success,No
MUREECA-x0366,COC=1C=CC(NC(=O)C(SC=2N=C(N)N=C(N)N2)C(C)C)=CC1,Z193603654,OK,success,No
MUREECA-x0367,CC=1OC=2N=CNC(=O)C2C1C(=O)NCC=3C=CC=4OCCOC4C3,Z98622786,OK,success,No
MUREECA-x0368,CC=1SC=2N=C(CSC3=NN=C(N)S3)N=C(N)C2C1C,Z193659230,OK,success,No
MUREECA-x0369,NS(=O)(=O)NCC1CCCN(C1)C=2N=CN=C3C=CSC23,Z1037453586,OK,success,No
MUREECA-x0370,CC=1C=CC(NC2=NC(CN3C=NC(C#N)=N3)=CS2)=CC1C,Z228466476,OK,success,No
,NC(=O)C1CCN(C1)C(=O)COC=2C=CC=C(OC=3C=CC=CN3)C2,Z666969462,FAIL: Melted,,
,CC1=NN(CCO)C(C)=C1CNC2=NC=3C=CC(=CC3S2)[N+](=O)[O-],Z1606797477,FAIL,,
MUREECA-x0371,N#CC=1C=CC(NC2CCC2)=CC1,Z1148797578,OK,success,No
MUREECA-x0372,OC(=O)CC(NC(=O)C1=NNC=2CCCCC12)C=3C=CC(F)=CC3,Z1443672196,OK,None,
MUREECA-x0373,N#CC=1C=CC(NCC2CC2)=CC1,Z373231540,OK,success,No
MUREECA-x0374,CN1N=CC=C1CNC=2C=C(N=CN2)N3CCCC(CO)C3,Z1587166764,OK,success,No
MUREECA-x0375,O=C(NCC1=CSC(=O)N1)C2=NNC=3CCCCCC23,Z1834766073,OK,success,No
,CN(CCOC=1C=CC=C(C#N)C1)C=2N=CN=C3N=C(N)C=CC23,Z1537141848,FAIL: Melted,,
MUREECA-x0376,CC=1C=CC=2NN=C(C(=O)N3CCCC(C3)C(=O)O)C2C1,Z928369420,OK,None,
MUREECA-x0377,CC(C)NC(=O)C=1C=CC=C(CNC=2N=C3C=CC=CC3=CC2CO)C1,Z1238969821,OK,success,No
MUREECA-x0378,NC(=O)C=1C=NN2CCC(CNC=3N=CC(C#N)=CC3Cl)CC12,Z1757791520,OK,success,No
,COC(=O)C=1C=CC(CSC=2N=C(N)C=3C=CSC3N2)=CC1,Z166464456,FAIL: Melted,,
MUREECA-x0379,O=C(NC1CCCN(C1=O)C=2C=CC=NC2)C3=NNC=4C=CC=CC34,Z1654253541,OK,success,No
,O=C(NC1CCCC=2NC(=O)C=CC12)C3=NNC=4C=CC=CC34,Z283994004,FAIL: Melted,,
MUREECA-x0380,CN(CC1=NC(CS(=O)(=O)C)=NO1)C=2C=C(NN2)C=3C=CC=CC3,Z1298880666,OK,success,No
,CC(OC=1C=C(C)C=CC1C(=O)N)C2=NC(=NO2)C=3C=CC=CC3,Z219152228,FAIL: Melted,,
,COCC1=NSC(NC(=O)C=2C=CC=C3C=NNC23)=N1,Z1658117319,FAIL: Melted,,
MUREECA-x0381,FC=1C=C(C#N)C=CC1CNC=2C=C(C=CC2Cl)N3CCNC3=O,Z1185890576,OK,success,No
MUREECA-x0382,CC=1OC(=NC1CC(=O)N2CCCCC2CC(=O)N)C=3C=CC=CC3,Z968578484,OK,success,No
MUREECA-x0383,COC=1C=CC(C(=O)NC=2C=CC=C(C2)S(=O)(=O)N)=C(F)C1,Z87528924,OK,success,No
MUREECA-x0384,CCC1=CC(=O)N2N=C(NC(CO)CC=3C=CC=CC3)SC2=N1,Z1127121867,OK,success,No
,O=C(NCC=1C=CC=NC1)C=2C=CC=3N4CCCC4C(=O)NC3C2,Z139931614,FAIL: Melted,,
MUREECA-x0385,CC(NC(=O)C=1NN=C2C=CC=CC12)C(=O)NC=3C=CC=CN3,Z1021200422,OK,success,No
MUREECA-x0386,NC=1N=C(CN2CCNC(=O)C2)N=C3SC=4CCCCC4C13,Z195604552,OK,None,
MUREECA-x0387,BrC1=CNC(=C1)C(=O)NC2CCCC=3NC(=O)C=CC23,Z283996420,OK,success,No
MUREECA-x0388,NC=1N=C(CSC=2C=CC=CN2)N=C3SC=4CCCCC4C13,Z167819734,OK,success,No
,CC1=NN(C)C=2NC(=O)C(CCC(=O)N3CCNC(=O)CC3)=C(C)C12,Z908578022,FAIL: Melted,,
MUREECA-x0389,CC1=NN=C(SCC=2N=C(N)C=3C=CC=CC3N2)S1,Z167849398,OK,None,
MUREECA-x0390,CC=1C=NN(CC2CN(CC=3N=C(N)C=4C=CC=CC4N3)CCO2)C1,Z1141172409,OK,success,No
MUREECA-x0391,CN(CC1=NC=2C=CSC2C(=O)N1)C(=O)CCC=3C=CC=CC3O,Z229763982,OK,Failed - low resolution,
MUREECA-x0392,CN(CC(=O)NC=1C=C(C)C=CN1)CC=2N=C(N)C=3C=CC=CC3N2,Z1120822018,OK,success,No
,NC=1N=C(CN2C=NC(C#N)=N2)N=C3SC=4CCCCCC4C13,Z228468632,FAIL: Melted,,
,CC=1C=CC(=NN1)N2CCCN(CC2)C(=O)C3=NNC=4CCCC34,Z1139263618,FAIL: Melted,,
MUREECA-x0393,NC(=O)C=1C=CC=C(CN2CCCC=3C=C(C=CC23)C(=O)N)C1,Z1665269287,OK,success,No
MUREECA-x0394,C[C@H]1OCCN(CC2=CC(=NO2)C=3C=NN(C)C3C)[C@@H]1C(=O)N,Z2058042499,OK,None,No
MUREECA-x0395,COCC1=NN(CC=2N=C(N)C=3C(C)=C(C)OC3N2)C(=O)O1,Z1607387226,OK,success,No
MUREECA-x0396,O=C(NCC1=NC=2C=CC=NC2N1)C3=NC=4C=CC=CC4C(=O)N3,Z1981382941,OK,success,No
MUREECA-x0397,NC(=O)C=1C=CC=CC1OC=2C=CC(NC(=O)C=3C=CNC(=O)C3)=CC2,Z1420563641,OK,success,No
MUREECA-x0398,CC1=NC(=NN1)C(NCC2=CN(N=N2)C(C)(C)C)C=3C=CC=CC3,Z1841030291,OK,success,No
MUREECA-x0399,OC(=O)C1CCC(CC1)NC(=O)C=2C=CC=C3C=CNC23,Z1603499135,OK,None,
,COC=1C=CC=2C(NC(=O)[C@@H]3CCO[C@H]3C4=NC=CN4C)=NNC2C1,Z2061995932,FAIL,,
,OCCOC=1C=CC=C(N1)C2=NC=3C=CC(Cl)=CC3C(=O)N2,Z1646203992,FAIL: Melted,,
MUREECA-x0400,CC1=NNC=2C=C(NC(=O)CCC3=CNC=N3)C=CC12,Z1952676944,OK,success,No
MUREECA-x0401,CC1CCCN(C1)C=2N=C(NCCOCCO)N=C(N)C2[N+](=O)[O-],Z241744900,OK,success,No
MUREECA-x0402,OC(=O)CC(NC(=O)CC1=NNC=2C=CC=CC12)C=3C=CC(F)=CC3,Z1443672224,OK,success,No
MUREECA-x0403,OCC1CCCN1C=2C=C(NCC=3C=CC=4OCOC4C3)N=CN2,Z1139194703,OK,success,No
,NC=1N=C(CN2CCCCC2C3CNC(=O)C3)N=C4C=CC=CC14,Z1646424827,FAIL,,
MUREECA-x0404,CC1=NN(C)C=2NN=C(NC(=O)CC=3C=CC(=CC3)[N+](=O)[O-])C12,Z1205112089,OK,,
MUREECA-x0405,OC(=O)CC(NC(=O)C=1C=CC=C2C=NNC12)C=3C=CC(F)=CC3,Z929744756,OK,success,No
,CCCC=1C=C(NN1)C(=O)NCC=2C=CN=C(C2)N3C=CC=N3,Z366649676,FAIL,,
MUREECA-x0406,CC(C)N1C=C(CN2CCCN(CC2)C(=O)C3=CC(Cl)=CN3)C=N1,Z1139290388,OK,success,No
MUREECA-x0407,NC=1N=C(NCCOCCO)N=C(NCC2CCCO2)C1[N+](=O)[O-],Z245296262,OK,success,No
,CC=1C=C(NC(=O)CSC=2N=C(N)C=3C(C)=C(C)SC3N2)ON1,Z1116579229,FAIL: Cracked,,
MUREECA-x0408,CC=1C=CC(C(=O)N)=C(OCC=2C=CC(C#N)=CC2F)C1,Z217923492,OK,success,No
MUREECA-x0409,NC(=O)C1CCCN1CC2=NC(=NO2)C=3C=CC=4OCOC4C3,Z1032350050,OK,success,No
MUREECA-x0410,NS(=O)(=O)C1=CC=C(CNC(=O)C2=NNC=3C=CC=CC23)S1,Z32864072,OK,success,No
MUREECA-x0411,C(SC1=NNC(=N1)C=2C=CC=NC2)C3=NOC(=N3)C=4C=CSC4,Z1095449427,OK,success,No
MUREECA-x0412,FC=1C=CC=CC1CNC(=O)C=2C=C(NN2)C=3C=CC=CC3,Z116884932,OK,success,No
MUREECA-x0413,NC=1NN=C(CCCNC2=NC=3C=CC=CC3O2)C1C#N,Z642600410,OK,None,
MUREECA-x0414,CN(CC1=NC=2C=CC=CC2C(=O)N1)C(=O)CCC=3C=CC=CC3O,Z190123430,OK,success,No
MUREECA-x0415,NC(=O)CCNC(=O)C=1C=CC=CC1NCC(=O)NC=2C=CC=CC2,Z1171353464,OK,Failed - low resolution,
MUREECA-x0416,COC=1C=CC=2C=C(CNC=3N=CN=C4NN=CC34)C=CC2C1,Z237580922,OK,None,
MUREECA-x0417,COCCNC(=O)C(C)SCC=1N=C(N)C=2C=CC=CC2N1,Z1137690489,OK,success,No
,CN(CC1=NC=2C=CC=CC2C(=O)N1)C(=O)C3=CNC(=O)N3,Z101496686,FAIL: Melted,,
MUREECA-x0418,N#CCCN1N=CC=2C(NCC=3C=CNN3)=NC=NC12,Z990878264,OK,success,No
,NC=1N=C(N)N=C(CN(CC=2C=CC=C(C2)C=3C=CC=NC3)C4CC4)N1,Z1559477505,FAIL: Melted,,
MUREECA-x0419,OCC1CCCN1C=2C=C(NCCNC(=O)C=3C=NC=CN3)N=CN2,Z1139198022,OK,success,No
MUREECA-x0420,OC(=O)CC(NC(=O)C=1C=CC=C2C=NNC12)C3=CC=CS3,Z928843496,OK,success,No
MUREECA-x0421,CN1N=C2CCN(CC=3N=C(N)C=4C=CC=CC4N3)CC2=CC1=O,Z1272715826,OK,None,
MUREECA-x0422,NC=1N=C(CSCC(=O)O)N=C2C=CC=CC12,Z1515325641,OK,success,No
MUREECA-x0423,NC(=O)CCOC=1C=CC=CC1NC(=O)C2=CC=3C=CC=CC3N2,Z737359742,OK,None,
MUREECA-x0424,CC(C)C1=CC(=NN1)C(=O)NC(CC(=O)O)C=2C=CC=CC2C,Z1603697552,OK,success,No
MUREECA-x0425,COC(=O)C=1N=CN(CC=2N=C(N)C=3C=CC=CC3N2)N1,Z1184934107,OK,success,No
MUREECA-x0426,NC=1N=CN=C2N(CCCOC3=NN=C(O3)C=4C=CC=CC4)C=NC12,Z1614820320,OK,None,
MUREECA-x0427,[O-][N+](=O)C1=CC(CSC=2N=CN=C3NC=NC23)=CS1,Z1227794655,OK,None,
MUREECA-x0428,NC=1N=C(NCCOCCO)N=C(N2CCCCCC2)C1[N+](=O)[O-],Z295464032,OK,success,No
MUREECA-x0429,OC(=O)CC(NC(=O)C=1C=CC=C2C=CNC12)C3=CC=CS3,Z1603232613,OK,success,No
MUREECA-x0430,NC=1N=C(CSCCN2C(=O)CNC2=O)N=C3C=CC=CC13,Z1137689711,OK,success,No
,O=C1NC(SCC2=NN=C(S2)C=3C=CC=CC3)=NC=4NN=CC14,Z1697026833,FAIL: Melted,,
,NC=1N=CN=C2N(CC(=O)NC=3C=CC=4OCCOC4C3)C=NC12,Z1143316964,FAIL: Melted,,
,CN1N=CN=C1CNC=2C=CC=C(OC=3C=CC=CC3C(=O)N)C2,Z1385487152,FAIL: Melted,,
MUREECA-x0431,NC=1N=C(CSCC=2C=CON2)N=C(NC=3C=CC(F)=CC3)N1,Z1252790211,OK,success,No
MUREECA-x0432,NC=1N=C(CSCC(=O)NC=2C=CC=C(F)C2)N=C3C=CC=CC13,Z1137690726,OK,success,No
,NC(=O)C=1C=CC=C(NC(=O)CC2=CSC(=N2)N3CCCC3=O)C1,Z95764039,FAIL: Melted,,
,NC=1N=C(CSCC(=O)NCC2=CC=CS2)N=C3C=CC=CC13,Z1137690592,FAIL: Melted,,
MUREECA-x0433,COC=1C=CC(=CC1)C(=O)C(C)SC=2N=C(N)C=3C=CSC3N2,Z335929974,OK,success,No
,NC(=O)C=1C=CN(N1)C=2C=CC=CC2NC(=O)C=3C=CC=4OCCC4C3,Z1203333452,FAIL: Melted,,
MUREECA-x0434,COC=1C=CC(OCCOC=2C=C(OC)C=CC2C(=O)N)=CC1,Z26325497,OK,success,No
MUREECA-x0435,CC(C)OC=1C=CC(CSC2=NC=3NN=CC3C(=O)N2)=CC1,Z1024558214,OK,None,
,COC=1C=C(C=CC1OCC=2N=C(N)N=C(N)N2)C(=O)C,Z107057210,FAIL: Melted,,
MUREECA-x0436,CC(SCC=1N=C(N)C=2C=CC=CC2N1)C(=O)NC=3C=C(C)ON3,Z1137690422,OK,success,No
MUREECA-x0437,NC=1N=CC=NC1C(=O)NCC=2C=CC=3OCOC3C2,Z211302198,OK,Failed - low resolution,
MUREECA-x0438,NC(=O)CCSC=1C=CC=CC1NC(=O)C=2C=CC=3OCOC3C2,Z1126905076,OK,success,No
MUREECA-x0439,NC(=O)C=1C=CC(COC=2C=CC=CC2C(=O)N)=CC1,Z165420976,OK,success,No
MUREECA-x0440,COC=1C=CC(OCCSCC2=CC(=O)N3N=C(N)NC3=N2)=CC1,Z959434124,OK,success,No
MUREECA-x0441,O=C(CC1=NOC=2C=CC=CC12)NC=3C=CC=4OCC(=O)NC4C3,Z99465328,OK,success,No
MUREECA-x0442,NC(=O)CC=1C=CC=C(OCC2=NOC(=N2)C=3C=CC(F)=CC3)C1,Z1162797985,OK,success,No
MUREECA-x0443,CC1=NNC=2N=CC(NS(=O)(=O)C=3C=NC=4C=CSC4C3)=CC12,Z1587738637,OK,success,No
MUREECA-x0444,CCC1=NN(C)C=2NN=C(NC(=O)CCN3C=C(C=N3)[N+](=O)[O-])C12,Z1212628432,OK,success,No
MUREECA-x0445,OC(=O)C(CNC(=O)C=1C=CC=C2C=CNC12)CC=3C=CC=CC3,Z1603513793,OK,success,No
,CC=1NN=C(NC(=O)C=2C=CC=NC2O)C1C=3C=CC=4OCOC4C3,Z1287588443,FAIL: Melted,,
MUREECA-x0446,CC=1C=CC=CC1C(CC(=O)O)NC(=O)CC2=NNC=3C=CC=CC23,Z1603697938,OK,None,
MUREECA-x0447,COC=1C=C2N=C(NCC=3C=CC(C)=NC3)N=C(N)C2=CC1OC,Z1172756805,OK,success,No
,CCCCN(CC=1N=C(N)C=2C=CC=CC2N1)C3CCS(=O)(=O)C3,Z1646361792,FAIL: Melted,,
MUREECA-x0448,OC=1C=CC=C(CCNC=2C=C3N=CNC(=O)C3=CC2[N+](=O)[O-])C1,Z1272279212,OK,success,No
MUREECA-x0449,OC(=O)C(CC=1C=CC(F)=CC1)NC(=O)C=2C=CC=C3C=NNC23,Z1603657201,OK,None,
MUREECA-x0450,NC=1N=C(CSCC(=O)NCC(F)(F)F)N=C2C=CC=CC12,Z1137690433,OK,success,No
MUREECA-x0451,CC(NC=1C=CC=C(C1)C(=O)N)C(=O)NC=2C=C(C)ON2,Z199215096,OK,success,No
MUREECA-x0452,O=C(CNC(=O)C1=CC(=NN1)C2=CC=CS2)C3=CC=CO3,Z1656606541,OK,success,No
MUREECA-x0453,COC=1C=C2N=C(NCC=3C=C(C)ON3)N=C(N)C2=CC1OC,Z1172987081,OK,success,No
MUREECA-x0454,CC(C)CC=1C=C(NN1)C(=O)NC2CCC(C2)C(=O)O,Z1609713553,OK,success,No
MUREECA-x0455,NC(=O)CCSCC=1N=C(N)C=2C=CC=CC2N1,Z1137690090,OK,success,No
MUREECA-x0456,O=C(CCCC1=NC=2C=CC=CC2C(=O)N1)NC3CCCCNC3=O,Z727556306,OK,success,No
,FC=1C=CC(CNC(=O)C2=NOC(CN3C=CC(=O)NC3=O)=N2)=CC1,Z1170065052,FAIL: Melted,,
MUREECA-x0457,NC=1N=C(CSCC(=O)NC2CCCC2)N=C3C=CC=CC13,Z1137690438,OK,success,No
MUREECA-x0458,CC=1SC=2N=C(COC=3C=CC=CC3C#N)N=C(N)C2C1C,Z193670946,OK,success,No
MUREECA-x0459,NC(=O)C=1C=CC=CC1OCCN2C=NC=3C=CC=CC3C2=O,Z1222455261,OK,success,No
MUREECA-x0460,CC(N(C)CC=1C=NN(C)C1)C=2N=C(N)N=C(N2)N(C)C,Z195767192,OK,success,No
MUREECA-x0461,CC=1C=C(C)N(CC2CCCN2C(=O)CC3=NNC=4C=CC=CC34)N1,Z1139323858,OK,None,
MUREECA-x0462,CC=1C=CC(NC2=NC(CN3CCNC(=O)C3)=CS2)=CC1,Z46335179,OK,success,No
MUREECA-x0463,CC1=CC(NC(=O)C(N2CCC(C2)C(=O)N)C=3C=CC=CC3)=NO1,Z434059434,OK,success,No
,NC(=O)C=1C=CC(Cl)=CC1NCC=2C=CC(=CC2)N3C=CC=N3,Z368759930,FAIL: Melted,,
MUREECA-x0464,OCCN1N=CC=2C(NCCC=3C=CC=4OCOC4C3)=NC=NC12,Z990848554,OK,success,No
MUREECA-x0465,O=C(NC=1C=CC=C(OC=2C=NC=CN2)C1)C3=CC=4C=CC=CC4N3,Z367145654,OK,Failed - low resolution,
MUREECA-x0466,NC=1NN=C(CCCNC=2N=CN=C3N(CCO)N=CC23)C1C#N,Z990845858,OK,None,
MUREECA-x0467,COCC(C)NC(=O)CCC1=C(C)C=2C(C)=NN(C)C2NC1=O,Z370757596,OK,success,No
MUREECA-x0468,CC1=NN(C)C=2NC(=O)C(CCC(=O)NCCC3=CC=CO3)=C(C)C12,Z370820222,OK,success,No
,ClC=1C=CC=C(C1)C2=CC(=NN2)C(=O)NC3=NN=C(S3)C4CC4,Z370478790,FAIL: Melted,,
MUREECA-x0469,OC=1C=CC=CC1C=2C=C(NN2)C(=O)NCC=3C=CC=4OCOC4C3,Z1213670840,OK,success,No
,NC=1N=C(NC2CCCN(CCO)C2=O)N=CC1[N+](=O)[O-],Z1716589504,FAIL: Melted,,
,COC=1C=CC(NC(=O)C2CCCN2C=3N=CN=C4NN=CC34)=CC1,Z1192076899,FAIL: Melted,,
MUREECA-x0470,CS(=O)(=O)CC=1C=CC(CNC(=O)C=2N=CC=NC2N)=CC1,Z757978954,OK,success,No
MUREECA-x0471,CN1CCCN(CC1)C=2C=CC(C#N)=CC2Cl,Z1267773828,OK,success,No
MUREECA-x0472,O=C(CC1=NOC=2C=CC=CC12)NCCNC(=O)C3=CC=NN3,Z1633947241,OK,success,No
MUREECA-x0473,CCC1=NC(=NO1)C2CCCN2C(=O)CC3=NNC=4C=CC=CC34,Z1268793772,OK,success,No
,COC=1C=CC(OC)=C(C1)C2CCCN2CC=3N=C(N)N=C(N)N3,Z98478092,FAIL: Melted,,
MUREECA-x0474,CC(NC=1N=CC([N+](=O)[O-])=C(N)N1)C=2C=CC(=CC2)N3C=CC=N3,Z1281746494,OK,success,No
MUREECA-x0475,CCS(=O)(=O)CC(C)N(C)CC=1N=C(N)C=2C=CC=CC2N1,Z1646280879,OK,success,No
MUREECA-x0476,CC(NC=1N=CC([N+](=O)[O-])=C(N)N1)C=2C=CC=C(C2)N3C=CN=C3,Z1272649563,OK,success,No
MUREECA-x0477,CC=1N=CNC(=O)C1CCC(=O)NC2=NC(=CS2)C=3C=CC=NC3,Z361977892,OK,None,
MUREECA-x0478,CS(=O)CC=1C=CC=CC1NC(=O)C2=CC=3C=C(F)C=CC3N2,Z1695813672,OK,Failed - low resolution,
MUREECA-x0479,CCN(C)C(=O)NC=1C=CC(C#N)=CC1,Z642326440,OK,success,No
MUREECA-x0480,CC=1OC=2N=C(CN3C=NC(C#N)=C3C#N)N=C(N)C2C1C,Z1696936165,OK,success,No
MUREECA-x0481,CC=1C=C(ON1)C(=O)N2CCCC(C2)C=3C=C(NN3)C(F)(F)F,Z1269691328,OK,None,
,CS(=O)(=O)N1CCCN(CC=2N=C(N)N=C(N)N2)CC1,Z283666198,FAIL: Melted,,
MUREECA-x0482,CC(C)C1=NNC(=N1)C2CN(CCO2)C(=O)CCN3C=CN=N3,Z1268776368,OK,None,
MUREECA-x0483,COC=1C=CC(NC2=NC(=CS2)C=3C=CC(O)=CC3O)=CC1,Z48856940,OK,success,No
MUREECA-x0484,FC=1C=CC(=CC1)C2=CC(=NN2)C(=O)NC3=NN=C(S3)C4CC4,Z370478792,OK,success,No
MUREECA-x0485,CC=1C=CC(CNC(=O)C2=CC(=NN2)C=3C=C(C)C=C(C)C3O)=CC1,Z1213673036,OK,None,
MUREECA-x0486,CCC1=NN=C(NC(=O)C=2C=C(NN2)C=3C=CC=CC3Cl)S1,Z370477906,OK,success,No
MUREECA-x0487,NC=1N=C(CN2N=CC=C2[N+](=O)[O-])N=C3C=CC=CC13,Z1456352580,OK,success,No
MUREECA-x0488,CC(C)C=1C=CC=C(NC(=O)C2=CC=3C=C(F)C=CC3N2)C1,Z301140786,OK,success,No
,CC=1SC=2N=C(CN3C=NC(C#N)=N3)N=C(N)C2C1C,Z228468614,FAIL: Melted,,
MUREECA-x0489,CC(NC(=O)C=1C=C(NN1)C=2C=CC=CC2)C3=NN=CN3C,Z425548762,OK,None,
MUREECA-x0490,NC=1N=C(CSC2=NN=C(NC3CC3)S2)N=C4C=CC=CC14,Z167927522,OK,success,No
MUREECA-x0491,O=C(NC=1C=CC=C(NC(=O)C2=CC=3C=CC=CC3N2)C1)C4CC4,Z316734936,OK,success,No
MUREECA-x0492,CC(NC(=O)CCC1=C(C)NC(=O)NC1=O)C=2C=CC=CN2,Z238018648,OK,success,No
MUREECA-x0493,OC=1N=CC=CC1C(=O)NCC=2C=CC=NC2N3C=NC=N3,Z423955510,OK,None,
,O=C(NCC=1C=CC=2OCOC2C1)C=3C=CC=C(C3)N4CCNC4=O,Z415212312,FAIL: Melted,,
MUREECA-x0494,NC(=O)C=1C=CC=C(C1)C(=O)NC(C2CCCC2)C3=CC=CS3,Z408136572,OK,success,No
MUREECA-x0495,O=C(NCC=1C=CC=NC1)C=2C=CC=C(C2)N3CCNC3=O,Z415223258,OK,Failed - low resolution,
,O=C1NC(SCCC=2C=CC=3OCCC3C2)=NC=4NN=CC14,Z1783424244,FAIL: Melted,,
MUREECA-x0496,CC(NC=1N=CC([N+](=O)[O-])=C(N)N1)C=2C=CC=C(C2)N3C=NC=N3,Z1324017370,OK,success,No
,NC(=O)C=1C(F)=CC=CC1OCCC=2C=CC=3OCCC3C2,Z1783475778,FAIL: Melted,,
MUREECA-x0497,O=C(NC=1C=CC=C2C=NNC12)C=3C=CC=C(C3)N4CCCNC4=O,Z1329975813,OK,None,
MUREECA-x0498,CCC=1C=C(NN1)C(=O)NC2=NNC(CC=3C=CC=C(F)C3)=N2,Z1637285222,OK,success,No
MUREECA-x0499,CCCC1=NNC(=N1)C2CN(CCO2)C(=O)CC=3C=CC=NC3,Z1268777463,OK,None,
MUREECA-x0500,CC1=NN(C)C=2NN=C(NC(=O)C=3C=CC=CC3N4C=CN=N4)C12,Z1656164992,OK,success,No
MUREECA-x0501,NC(=O)C1=CC(=NN1)C2CCCN(C2)C(=O)CCC=3C=CN=CC3,Z1269668088,OK,None,
MUREECA-x0502,COC=1C=CN=C(CSCC=2N=C(N)C=3C=CC=CC3N2)C1,Z1700536967,OK,success,No
,COCC1=NC(=CS1)C(=O)N2CCCC(C2)C=3C=C(NN3)C(=O)N,Z1269676814,FAIL: Melted,,
MUREECA-x0503,NC(=O)CC1=CSC(NC(=O)CN2C=CC=CC2=O)=N1,Z256910566,OK,success,No
MUREECA-x0504,COC=1C=CC=CC1CN(C)C2=NC(=O)C=3C=NNC3N2,Z1725291463,OK,None,
MUREECA-x0505,CC1=NC(CC(=O)N2CCCC(C2)C=3C=C(NN3)C(=O)N)=CS1,Z1269659108,OK,success,No
MUREECA-x0506,CCOC=1C=NC=C(N1)N2CCC(C2)N3C=CC(NC(=O)C)=N3,Z1754369356,OK,success,No
MUREECA-x0507,CC=1SC=2N=C(SCC=3C=CC=C(C3)[N+](=O)[O-])N=C(N)C2C1C,Z336006826,OK,success,No
,CCCN1C=C(CN2CCCC2C3=NC(=NO3)C(=O)N)C=N1,Z1757876196,FAIL: Melted,,
MUREECA-x0508,COCC1=NOC(=N1)C=2C=CC=C(C2)C3=NNC(C)=N3,Z1381360106,OK,success,No
MUREECA-x0509,CN(CC=1C=C(C)ON1)C(=O)C=2C=CC=CC2OCC(=O)N,Z375691710,OK,None,
,OC=1C=CN=CC1NC(=O)C=2C=CC=C(NC(=O)C=3C=CC=NC3)C2,Z595802756,FAIL: Precipitated,,
MUREECA-x0510,OC(=O)C=1C=CC=CC1CC(=O)NC=2C=CC=C(C2)N3CCNC3=O,Z812954026,OK,success,No
MUREECA-x0511,CN1C(CSC2=NC=3NN=CC3C(=O)N2)=CC(=O)N(C)C1=O,Z359630092,OK,None,
MUREECA-x0512,OC(=O)CC(NC(=O)C=1C=C(NN1)C2CC2)C=3C=CC=CC3Cl,Z372731156,OK,success,No
MUREECA-x0513,NC(=O)CC1=CSC(NC(=O)CN2N=NC=3C=CC=CC23)=N1,Z221489362,OK,success,No
MUREECA-x0514,CC(C)C1=CC(=NN1)C(=O)NC2CCN(CC2)C(=O)C,Z463320776,OK,success,No
MUREECA-x0515,CC1=NC(=NN1)C=2C=CC=C(NC(=O)CC3=NOC=4C=CC=CC34)C2,Z605714984,OK,None,
MUREECA-x0516,CC(C)(C)C1=CN2N=C(NCCCC3=NNC(N)=C3C#N)SC2=N1,Z728964912,OK,success,No
MUREECA-x0517,O=C(NC=1C=CC=C(CN2C(=O)CNC2=O)C1)C3=CC=CS3,Z366489576,OK,success,No
MUREECA-x0518,NC(=O)CN1CCC(CC1)NC(=O)CC2=NNC(=O)C=3C=CC=CC23,Z230019828,OK,Failed - low resolution,
,CN1CCN(CC1)C(=O)C=2C=CC(N)=CC2,Z763366252,FAIL: Melted,,
MUREECA-x0519,O=C1CNC(=O)N1CC=2C=CC(=CC2)C3=NC=4C=CSC4C(=O)N3,Z666621402,OK,Failed - low resolution,
MUREECA-x0520,CC=1C=CC(=CC1C(=O)N)S(=O)(=O)N2CCNC(=O)C2,Z369188228,OK,success,No
,CC(NC(=O)C=1C=CC=C(C1)N2CCNC2=O)C=3C=CC=NC3,Z415230368,FAIL: Melted,,
,CCNC1=NC=C(S1)C(=O)NC2=NC=3C=C(F)C=CC3N2C,Z1464284046,FAIL: Melted,,
MUREECA-x0521,FC(F)(F)C1=CC(=NN1)C2CCCN(C2)C(=O)C3=CSN=N3,Z1269695557,OK,Failed - low resolution,
MUREECA-x0522,CC=1C=CN2C(NCC3=CC(C#N)=CS3)=NN=C2C1,Z1728584311,OK,success,No
MUREECA-x0523,NC=1C=CN=C(CNC=2N=CN=C3N(N=CC23)C=4C=CC=CC4)N1,Z1430528865,OK,success,No
MUREECA-x0524,CC=1C=CC=CC1C(CC(=O)O)NC(=O)C=2C=CC=C3C=NNC23,Z1603698477,OK,success,No
MUREECA-x0525,CC(NC(=O)CSC=1C=CC(O)=CC1)C=2C=CC=3NC(=O)CC3C2,Z666182210,OK,success,No
MUREECA-x0526,CN(CCCC1=NNC(N)=C1C#N)C2=NN=C(S2)C=3C=CC=CN3,Z1679672955,OK,success,No
,CN(C)C(=O)N1CCN(CC=2N=C(N)C=3C(C)=C(C)OC3N2)CC1,Z1434151429,FAIL: Cracked,,
MUREECA-x0527,CC(C(C)S(=O)(=O)C)N(C)CC=1N=C(N)C=2C=CC=CC2N1,Z1646281215,OK,success,No
MUREECA-x0528,CCC=1NN=C(NCC2=CN(C)N=C2C=3C=CC=NC3)C1C,Z1434063702,OK,None,
MUREECA-x0529,CCOC(=O)C1CCN(CC=2N=C(N)C=3C=CC=CC3N2)CC1,Z195558914,OK,None,
MUREECA-x0530,OC(=O)C=1C=CC=C(CNC(=O)C=2NN=CC2Br)C1,Z1599318716,OK,None,
MUREECA-x0531,CC(=O)NC1=NC(=CS1)C(=O)N2CCCC(C2)C=3C=C(C)NN3,Z1269732229,OK,success,No
,CN(C)C(=O)COC=1C=CC=C(CNC=2N=CN=C3N=CNC23)C1,Z646130978,FAIL: Melted,,
MUREECA-x0532,COC=1C=CC(=CC1)C2=NN(CC(=O)N)C(=O)C=3C=CC=CC23,Z1230738271,OK,None,
MUREECA-x0533,OC(=O)C=1C=CC=C(CNC(=O)CC2=NNC=3C=CC=CC23)C1,Z1444935286,OK,success,No
MUREECA-x0534,O=C(NC=1C=CC=2NN=NC2C1)C=3C=CC=CC3CN4C=NC=N4,Z1420694225,OK,None,
MUREECA-x0535,CN(CC1=CN=C(C)S1)CC=2N=C(N)C=3C=CC=CC3N2,Z650324494,OK,success,No
MUREECA-x0536,CC(O)CNC(=O)C1=CC(C)=NC2=C(C=NN12)C(=O)N,Z730527164,OK,None,
MUREECA-x0537,CC=1C=CC(=CC1C(=O)N)S(=O)(=O)NCC2CCOC2,Z414644216,OK,success,No
,CC(C=1N=C(N)N=C(N1)N(C)C)N2N=NC(=N2)C=3C=CC(C)=CC3,Z195777550,FAIL: Melted,,
MUREECA-x0538,O=C(NCCC1CCCO1)C=2C=CC=C(C2)N3CCNC3=O,Z640965314,OK,success,No
,COC=1C=CC(=CC1)C2CCCN2C(=O)CC3=C(C)N=C(C)NC3=O,Z402670418,FAIL: Melted,,
MUREECA-x0539,CCC1=NOC(CSC=2N=C(N)C=3C(C)=C(C)SC3N2)=N1,Z336009532,OK,success,No
MUREECA-x0540,CC(C=1N=C(N)N=C(N1)N(C)C)N2N=NC(=N2)C=3C=CC(Cl)=CC3,Z195777918,OK,success,No
MUREECA-x0541,CC(C)(C)C1=NOC(CCC(=O)NC2=NN=CN2)=N1,Z402773276,OK,success,No
,COC=1C=CC(NC(=O)C=2C=CC(C)=C(F)C2)=CC1S(=O)(=O)N,Z108232150,FAIL: Melted,,
MUREECA-x0542,O=C1COC=2C=CC(=CC2N1)S(=O)(=O)NCCN3C=CN=C3,Z271357426,OK,success,No
MUREECA-x0543,CC=1OC(=NC1CSC2=NC=3NN=CC3C(=O)N2)C=4C=CC=CC4,Z359630102,OK,Failed - low resolution,
MUREECA-x0544,O=C(NCCNC1=NC=2C=CC=CC2S1)NC3CCCCNC3=O,Z505783438,OK,Failed - low resolution,
MUREECA-x0545,CC(NCC=1C=NC=2NN=C(C)C2C1)C=3C=CC=4OCCCOC4C3,Z649943484,OK,None,
MUREECA-x0546,NC(=O)C=1C=CC=C(C1)C(=O)NCCNC=2C=NC=CN2,Z372657268,OK,Failed - low resolution,
MUREECA-x0547,CN1C=NC=2CN(CCC2C1=O)C(=O)C=3C=CC=C4C=NNC34,Z1757134012,OK,success,No
MUREECA-x0548,COCCC1=NOC(=N1)C=2C=CC=C(C2)C3=NNC(C)=N3,Z1381359081,OK,success,No
MUREECA-x0549,CC(C(=O)NC1=NNC=2C=CC(=CC12)C(F)(F)F)S(=O)(=O)C,Z1833927283,OK,success,No
MUREECA-x0550,CC=1C=CC(NC(=O)CCCC2=NC=3C=CC=CC3C(=O)N2)=CC1O,Z1430614303,OK,None,
MUREECA-x0551,CN1C=C(C=N1)[C@H]2OCC[C@@H]2NC(=O)C3=CC(Cl)=CN3,Z1756530754,OK,success,No
MUREECA-x0552,NC=1N=C(CSCC=2C=CC(=CC2)N3C=CC=N3)N=C4C=CC=CC14,Z220516810,OK,success,No
MUREECA-x0553,NC(=O)C1=NOC(=N1)C2CCCN2CC=3C=NN4C=CC=CC34,Z1757876820,OK,Failed - low resolution,
,CC(C)(CNC=1N=CC([N+](=O)[O-])=C(N)N1)C=2C=CC=3OCOC3C2,Z940779128,FAIL: Melted,,
MUREECA-x0554,COC=1C=CC(=CC1)C(NC2=NC(=O)C=3C=NNC3N2)C(C)C,Z1725304079,OK,success,No
MUREECA-x0555,CC1=NN(C)C=2NN=C(NC(=O)CN3CCC=4SC=CC4C3)C12,Z1205112321,OK,success,No
,N#CC=1C=CC=CC1CN2CCCC2,Z55002275,FAIL: Melted,,
MUREECA-x0556,CNS(=O)(=O)CC=1C=CC(CNC(=O)C=2C=CNN2)=CC1,Z466715476,OK,success,No
MUREECA-x0557,CC1=NC(COC=2C=CC=CC2C(=O)NC=3C=CC4=CNN=C4C3)=NO1,Z1081524668,OK,success,No
MUREECA-x0558,NC(=O)COC=1C=CC=C(NC(=O)C2=CC=3C=C(Cl)C=CC3N2)C1,Z301431984,OK,None,
MUREECA-x0559,CCC1=CC(=O)N2N=C(OC=3C=C(C=CC3C)C(=O)N)SC2=N1,Z1127124609,OK,success,No
,OC(=O)C1=CC=C(CSC2=NN=C3NC=4C=CC=CC4N23)O1,Z224062218,FAIL: Melted,,
MUREECA-x0560,CC1(CCN(C1)C(=O)CCN2C(=O)NC(=O)C=3C=CC=CC23)C(=O)O,Z1445591698,OK,None,
MUREECA-x0561,O=C1NCCCC1NCC=2C=CC=C(OCC=3C=CC=CN3)C2,Z1003932498,OK,success,No
MUREECA-x0562,COC=1C=CC(NC(C)C2CC2)=CC1,Z1029460372,OK,success,No
,C(NC=1N=C(N=C2C=CC=CC12)C=3C=CC=NC3)C=4C=CNN4,Z644911980,FAIL: Melted,,
MUREECA-x0563,CN1CCN(CC1)C=2C=CC=NC2,Z1837077123,OK,success,No
MUREECA-x0564,FC=1C=CC(CNC2=NC=CN(C=3C=CC=C(Cl)C3)C2=O)=CC1,Z1157795830,OK,success,No
MUREECA-x0565,C(NC=1C=CC=C(OC=2C=CC=CN2)C1)C=3C=CNN3,Z1626044416,OK,success,No
MUREECA-x0566,CCC1=NN(C)C=2NN=C(NC(=O)CC=3C=CC(=CC3)N4C=CC=N4)C12,Z1212626878,OK,success,No
MUREECA-x0567,O=C(N1CCCCC1C=2N=CNN2)C3=CN=C4C=CC=CN34,Z1603063499,OK,success,No
MUREECA-x0568,NC(=O)C1COCCN1CC=2C=CC(OCC=3C=CC=CC3F)=NC2,Z1731807231,OK,success,No
MUREECA-x0569,O=C(N[C@H]1CCO[C@@H]1C=2C=CC=NC2)C3=NNC=4CCCC34,Z1756624842,OK,None,
MUREECA-x0570,CC1OC=2C=CC(NC(=O)CC3=CN=CS3)=CC2NC1=O,Z1778594783,OK,success,No
MUREECA-x0571,CC1=CC(=NN1)C(=O)NC(CCC(=O)O)C=2C=CC=CC2,Z1444478080,OK,success,No
,CC(C(=O)NC(C(=O)NC=1C=CNN1)C=2C=CC=CC2)C=3C=CC=CN3,Z2027574086,FAIL: Melted,,
MUREECA-x0572,CC(C)C(NC(=O)C=1C=CNN1)C2=NC(=NO2)C=3C=CC=CC3,Z908179396,OK,success,No
MUREECA-x0573,O=C(NC=1C=CC(=CC1)C2=NC=CO2)N3CCOCC3C=4N=CNN4,Z2056670311,OK,success,No
MUREECA-x0574,CN(CC1=NC=2C=CSC2C(=O)N1)C(=O)C3=NNC=4C=CC=CC34,Z229769862,OK,None,
MUREECA-x0575,CC(NC(=O)C=1C=CNN1)C2=NC(=CS2)C=3C=CC=NC3,Z1174947567,OK,success,No
MUREECA-x0576,CC=1OC=2N=CNC(=O)C2C1C(=O)NCCC=3C=CC=4OCOC4C3,Z98624459,OK,success,No
MUREECA-x0577,COC=1C=CC(=CC1)C2CC2C(=O)NC3=NNC=4N(C)N=C(C)C34,Z1205112379,OK,success,No
MUREECA-x0578,COC=1C=CC(=CC1)C2=NN=C(COC=3C=CC=CC3C(=O)N)O2,Z167725780,OK,success,No
MUREECA-x0579,CC(C(=O)NC=1C=CC=C(NCC=2C=CNN2)C1)N3C=CC=N3,Z1462270658,OK,success,No
MUREECA-x0580,NC=1N=C(SCC=2N=CON2)N=C3SC=4CCCCC4C13,Z193733986,OK,success,No
,COC=1C=CC(=CC1)N2C=C(CNC=3C=NNC(=O)C3Cl)N=N2,Z1396661910,FAIL: Melted,,
MUREECA-x0581,CCN(CC1=NC=2C=CC=CC2C(=O)N1)C(=O)C3=NNC=4C=CC=CC34,Z84959970,OK,success,No
MUREECA-x0582,CCC=1C=C(NN1)C(=O)NC2CCN(C2)C(=O)C=3C=CC=CN3,Z1467080296,OK,success,No
MUREECA-x0583,CC1=CC(=NN1)C2CCCN(C2)C(=O)CCN3C=CC=CC3=O,Z1269729596,OK,success,No
MUREECA-x0584,NC=1N=C(COC=2C=CC=CC2C#N)N=C3C=CC=CC13,Z167812982,OK,success,No
MUREECA-x0585,OC(=O)CC1CN(CCO1)C(=O)C=2C=C(NN2)C3=CC=CS3,Z1603549284,OK,success,No
,CC(C)N(CC1=NC=2C=CC=CC2C(=O)N1)C(=O)C=3C=CC=NC3O,Z991890658,FAIL: Melted,,No
,CC(SC=1N=C(N)C=2C(C)=C(C)SC2N1)C(=O)NC(=O)N,Z324593550,FAIL: Melted,,No
MUREECA-x0586,CCS(=O)(=O)NC=1C=CC=CC1C(=O)NC=2C=CC3=CNN=C3C2,Z1081521234,OK,success,No
,COC=1C=CC(COC=2C=CC=CC2C(=O)N)=CC1,Z199942268,FAIL: Melted,,
MUREECA-x0587,O=C(NCC1=NC(=CN1)C=2C=CC=C(C#N)C2)C3CCCC=4NN=CC34,Z1549126187,OK,None,
MUREECA-x0588,COCC1=NN(CC2=CSC(NC=3C=CC=CC3)=N2)C(=O)O1,Z1544958954,OK,success,No
MUREECA-x0589,CC(C)C(NC1=NN2C=C(C)N=C2S1)C3=NC(=NO3)C4=NN=CN4,Z1498266805,OK,Failed - low resolution,
MUREECA-x0590,CCC1=NC(CN2CCCC(C2)C=3C=C(NN3)C(=O)N)=NO1,Z1269657050,OK,success,No
MUREECA-x0591,CC1=CN2N=C(NCCC3=NNC(=O)N3)SC2=N1,Z1317591805,OK,success,No
MUREECA-x0592,C1CC(C2=NOC(=N2)C=3C=CC=C4C=CNC34)C=5C=CC=CC5C1,Z1649198766,OK,Failed - low resolution,
MUREECA-x0593,NC(=O)CCN(C(=O)CN1C=NC(C#N)=N1)C=2C=CC(F)=CC2,Z228468538,OK,success,No
MUREECA-x0594,CCC1=NN=C2CCC(CNC(C(=O)N)C=3C=CC=CC3)CN12,Z1139419618,OK,success,No
MUREECA-x0595,CN(C)C=1N=C(N)N=C(CN2C=NC=3C=CC=CC3C2=O)N1,Z168931710,OK,success,No
MUREECA-x0596,CCC1=CC(=NN1)C(=O)NC(CC(=O)O)C=2C=CC(F)=CC2,Z1443671489,OK,Failed - low resolution,
MUREECA-x0597,O=C(NCCN1N=C2C=CC=CN2C1=O)C=3C=C(NN3)C4CC4,Z816643200,OK,success,No
,CC(=O)NC=1C=CN(N1)C2CCN(CC=3SC=NC3C)C2,Z1757700501,FAIL: Melted,,
,O=C1CNC(=O)N1CC2=NC(=CS2)C=3C=CC=4OCCOC4C3,Z840914790,FAIL: Melted,,
,O=C(N[C@H]1CCO[C@@H]1C=2C=CC=NC2)C3=NNC=4C=CC=CC34,Z1756623868,FAIL: Melted,,
MUREECA-x0598,CN(C)C=1N=C(N)N=C(COC=2C=CC=C(C2)C3=NN=CO3)N1,Z356378012,OK,success,No
MUREECA-x0599,FC=1C=CC(OC=2C=CC(CNC=3N=CN=C4N=CNC34)=CN2)=CC1,Z646004850,OK,success,No
MUREECA-x0600,CCC=1C=CC(NC(=O)C=2C=CC(Cl)=CN2)=CC1S(=O)(=O)N,Z1231741282,OK,success,No
MUREECA-x0601,OCCN1N=CC=2C(CCCC21)NC=3N=CN=C4SC=CC34,Z645320010,OK,success,No
MUREECA-x0602,CN(C)C(=O)C1CCC(CNC(=O)C2=NNC=3CCCCCC23)O1,Z1833765715,OK,success,No
MUREECA-x0603,O=C(NCCN1N=C2C=CC=CN2C1=O)C=3C=C(NN3)C=4C=CC=CC4,Z786122912,OK,success,No
MUREECA-x0604,CC=1C=CC(NS(=O)(=O)C=2C=CC(=CC2)C(=O)O)=C(O)N1,Z1838746682,OK,success,No
MUREECA-x0605,COC=1C=CC(NC(=O)C=2C=NC=CN2)=CC1OCC(=O)N,Z435533268,OK,success,No
MUREECA-x0606,NC(=O)C[C@@H](NC(=O)C=1C=NC=C(F)C1)C=2C=CC=C(Cl)C2,Z1414196069,OK,success,No
MUREECA-x0607,O=C(NC=1C=CC=CC1)C=2C=CC(CN3C(=O)CNC3=O)=CC2,Z18357537,OK,success,No
MUREECA-x0608,CC(C)CC=1C=C(NN1)C(=O)NCC2=NC(=NO2)C=3C=CC=CN3,Z1175169619,OK,success,No
MUREECA-x0609,CC(C)C1=CC(=NN1)C(=O)N[C@H]2CCO[C@@H]2C=3C=CC=NC3,Z1756622000,OK,None,No
,CCC1=NN=C2CN(CCN12)C(=O)C3=CC(C)=CC4=CNN=C34,Z1139301323,FAIL: Melted,,
MUREECA-x0610,NC(=O)C=1C=C(Cl)C=CC1OCC2=NOC(=N2)C3=CC=CO3,Z335888748,OK,success,No
MUREECA-x0611,OC(=O)C=1C=CC=CC1OCC2=CSC(NC=3C=CC=CC3)=N2,Z56984548,OK,success,No
MUREECA-x0612,COC(=O)C1=CC=C(CSC=2N=C(N)C=3C(C)=C(C)SC3N2)O1,Z324593526,OK,success,No
MUREECA-x0613,FC=1C=CC=C(CSC=2N=NC=3C=4C=CC=CC4NC3N2)C1,Z19126364,OK,success,No
MUREECA-x0614,NC=1N=C(SCC(=O)C=2C=CC=3OCOC3C2)N=C4SC=CC14,Z335929862,OK,success,No
MUREECA-x0615,COC=1C=C(OC)C=2NC(=CC2C1)C(=O)NC=3C=CC=C(C)N3,Z278162754,OK,success,No
MUREECA-x0616,CC(C)C1=CC(=NN1)C(=O)N[C@H]2CCCO[C@@H]2C=3C=NN(C)C3,Z1756696623,OK,success,No
MUREECA-x0617,CC(CN1CCCC1=O)NC(=O)C2=NNC=3C=CC=CC23,Z757937068,OK,success,No
MUREECA-x0618,NC=1N=C(N=C2C=CC=CC12)N3CCC(CN4C=CC=N4)CC3,Z1546781983,OK,None,
MUREECA-x0619,O=C(CC=1C=CC(=CC1)N2C=NN=N2)NC=3C=CNN3,Z910730878,OK,None,
MUREECA-x0620,CCC1=NC(=NN1)C(C)NC(=O)C2=CNN=C2C3CCOC3,Z1756222265,OK,success,No
MUREECA-x0621,O=C(CNC(=O)C1CCCO1)NC=2C=CC=C3C(=O)NNC(=O)C23,Z872961304,OK,success,No
MUREECA-x0622,CC=1C=C(NN1)C(=O)N2CC(CCN3CCCC3=O)C=4C=CC=CC24,Z1360871768,OK,success,No
MUREECA-x0623,CC1=NN(C)C=2NC(=O)C(CCC(=O)NCC=3C=COC3)=C(C)C12,Z649748444,OK,success,No
MUREECA-x0624,CCN(CC=1C=CC=2OCOC2C1)C(=O)CC3=NNC=4C=CC=CC34,Z960343492,OK,success,No
MUREECA-x0625,CC(C(=O)NC=1C=C(C=C(F)C1C)C(=O)N)N2N=C(C)C=C2C,Z838498424,OK,success,No
MUREECA-x0626,CC=1NN=C2N=CC(=CC12)C(=O)N3CCCC3C4=NOC(=N4)C5CC5,Z1268749945,OK,success,No
MUREECA-x0627,CCNC1=NC=2N(C)C(=O)N(C)C(=O)C2N1,Z1837067471,OK,success,No
MUREECA-x0628,CC1=NNC(=N1)C2CN(CCO2)C(=O)CC=3N=C4N=CC=CN4N3,Z1268770697,OK,None,
MUREECA-x0629,Cl.FC=1C=CC=C(C1)N2CCNCC2=O,Z3225843160,OK,None,
MUREECA-x0630,CC1=NN(C)C=2NC(=O)C(CCC(=O)NC=3C=CNN3)=C(C)C12,Z827321112,OK,success,No
MUREECA-x0631,CC1=NN=C(SCC=2N=C(N)N=C(N)N2)N1,Z226769910,OK,None,
MUREECA-x0632,CC1=NN(C)C=2NC(=O)C(CCC(=O)NCC=3C=CC=NC3)=C(C)C12,Z370743754,OK,success,No
MUREECA-x0633,CC1OC=2C=CC(NC(=O)CC=3C(F)=CC=CC3Cl)=CC2NC1=O,Z110096298,OK,success,No
MUREECA-x0634,CC=1C=NC(=CN1)C(=O)NC(C(=O)NC=2C=CNN2)C=3C=CC=CC3,Z1126979163,OK,success,No
MUREECA-x0635,NC(=O)CC1=CSC(NC(=O)CCC=2C=CC=3OCCOC3C2)=N1,Z226188078,OK,success,No
MUREECA-x0636,COC=1C=CC(=CC1)C2=NC(CNC(=O)C=3C=CC=CN3)=NN2,Z1119645172,OK,None,
MUREECA-x0637,CC(SC1=NN=C(O1)C2=CC=CN2)C3=NC(=NO3)C4=CC=CO4,Z356355054,OK,success,No
MUREECA-x0638,NC(=O)C=1C=CC(Cl)=C(NCC(=O)NC=2C=CC=3OCOC3C2)C1,Z1171354243,OK,success,No
MUREECA-x0639,CCC(=O)NC=1C=CC=C(NC(=O)C2=CC=3C=C(F)C=CC3N2)C1,Z319736250,OK,success,No
MUREECA-x0640,CCCC1=NNC(=N1)C2CN(CCO2)C(=O)CCC=3C=CC=NC3,Z1268778158,OK,None,
MUREECA-x0641,CCOC=1C=CC=2C=C(NC2C1)C(=O)NC=3C=CC=4CCNC(=O)C4C3,Z1223491308,OK,success,No
MUREECA-x0642,O=C(NCC=1C=CNN1)C2CCCN2C(=O)C=3C=CC=4OCOC4C3,Z980548268,OK,Failed - low resolution,
MUREECA-x0643,CNC=1SN=C(C)C1C(=O)NC2=NC(CC(=O)N)=CS2,Z256913326,OK,success,No
MUREECA-x0644,CS(=O)(=O)C1CCCC(C1)NC(=O)C=2C=CC=C3C=NNC23,Z1252215658,OK,success,No
MUREECA-x0645,CC1=NC(=NN1)C(NC(=O)CNC(=O)C=2C=CC=CC2)C=3C=CC=CC3,Z1116849613,OK,success,No
MUREECA-x0646,COC=1C=CC(COC=2C=CC(Cl)=CC2C(=O)N)=C(Cl)C1,Z1269322079,OK,success,No
MUREECA-x0647,NC(=O)CC1=CSC(=N1)C=2C=CC=3OCOC3C2,Z997948526,OK,success,No
MUREECA-x0648,FC(F)(F)C1=CC(=NN1)C2CCCN(C2)C(=O)CC=3C=CC=NC3,Z1269691768,OK,success,No
MUREECA-x0649,COC=1C=CC(=CC1)C(NC(=O)C2=CC=C(C)NC2=O)C=3C=CC=CC3,Z594976072,OK,success,No
MUREECA-x0650,CC=1C=CC(=CC1)C(CC(=O)O)NC(=O)CC2=CNC=3C=CC=CC23,Z224125774,OK,success,No
MUREECA-x0651,CN(CCCC1=NNC(N)=C1C#N)C=2N=CC(=CC2Cl)C(=O)N,Z1168169445,OK,success,No
MUREECA-x0652,CC(NC=1C=CC=C(OC=2C=CC=CC2C(=O)N)C1)C3=NN=C(C)O3,Z1329036659,OK,None,
MUREECA-x0653,CC1=CC(=NN1)C2CCCN(C2)C(=O)C3=CNC(C)=N3,Z1269729284,OK,success,No
MUREECA-x0654,CC1=CC(=NN1)C2CCCN(C2)C(=O)CCCOC=3C=CC=CC3,Z1269733339,OK,success,No
MUREECA-x0655,COC=1C=CC(=CC1F)C(C)NC=2N=CN=C3N(CCO)N=CC23,Z990848676,OK,success,No
MUREECA-x0656,CCCN1C=C(NC(C)CCCOC=2C=CC=CC2C(=O)N)C=N1,Z1704527216,OK,success,No
MUREECA-x0657,CC1=CC(NC(=O)CSC=2N=C(N)C=3C(C)=C(C)SC3N2)=NO1,Z324593374,OK,success,No
MUREECA-x0658,FC=1C=CC(NCC=2C=CNN2)=CC1NC(=O)CC=3C=CC=CC3,Z1625982458,OK,success,No
MUREECA-x0659,COC=1C=CC(NC2=NC(=CS2)C(=O)N3CCCC3)=CC1,Z1250804313,OK,None,
MUREECA-x0660,CCN1C=C(C=N1)[C@H]2OCCC[C@@H]2NC(=O)C=3C=C(NN3)C(C)C,Z1756705867,OK,success,No
MUREECA-x0661,CCC1=NOC(CNC=2C=C(C=CC2Cl)N3CCNC3=O)=N1,Z1185890746,OK,success,No
MUREECA-x0662,CN(C)C(=O)C=1C=CC=C(CNC=2N=CN=C3N(CCO)N=CC23)C1,Z990871800,OK,success,No
MUREECA-x0663,CCCC1=NOC(CSC=2N=C(N)C=3C(C)=C(C)SC3N2)=N1,Z336009536,OK,None,No
,CC=1C=CC(NC(=O)C=2C=CC=CC2)=CC1NC(=O)C=3C=CC=NC3O,Z654149278,FAIL: Melted,,
MUREECA-x0664,CC(=O)NC=1C=CC(CNC(=O)C2=NNC=3C=CC=CC23)=CC1,Z241403990,OK,success,No
MUREECA-x0665,COC=1C=CC(CCNC(=O)C2=C(C)OC=3N=CNC(=O)C23)=CC1,Z82184085,OK,success,No
MUREECA-x0666,C(CC1=NN=C(N1)C2=CC=CO2)NC=3C=NC=4C=CC=CC4N3,Z1225468526,OK,success,No
MUREECA-x0667,CCOC(=O)C1=C(C)OC=2N=C(CSC=3N=CC=CN3)N=C(N)C12,Z51086702,OK,success,No
MUREECA-x0668,CC(NC=1N=CC(=CC1Cl)C(=O)N)C=2C=CC=3OCOC3C2,Z728986548,OK,success,No
MUREECA-x0669,CN1C(CSC=2N=C(N)C=3C=CSC3N2)=CC(=O)N(C)C1=O,Z215307148,OK,success,No
MUREECA-x0670,CC1=NC=C(CNC(=O)CC=2C(C)=NC3=NC(N)=NN3C2C)S1,Z1149453302,OK,success,No
MUREECA-x0671,CN1C=C(C=N1)[C@H]2OCCC[C@@H]2NC(=O)C=3C=CC=C(C3)C(=O)N,Z1756695442,OK,success,No
MUREECA-x0672,COC=1C=CC(=CC1)C2=NC(CNC(=O)C=3C=CC=C4C=NNC34)=NN2,Z1119643286,OK,success,No
MUREECA-x0673,CC=1C=C(NN1)C(=O)N2CCN(CC=3C=CC=CN3)CC2,Z729127304,OK,success,No
MUREECA-x0674,CC=1C=C(ON1)C(=O)NC(C(=O)NC=2C=CNN2)C=3C=CC=CC3,Z1126978940,OK,success,No
MUREECA-x0675,CC=1C=C(NCC=2C=CC(C#N)=CC2F)C(=CC1F)C(=O)N,Z1233958166,OK,success,No
MUREECA-x0676,CC1=NC=C(S1)C(=O)NC(C(=O)NC=2C=CNN2)C=3C=CC=CC3,Z1126978346,OK,success,No
MUREECA-x0677,OC(=O)CC1CN(CCO1)C(=O)C=2C=C(NN2)C=3C=CC=CC3,Z1445443572,OK,success,No
MUREECA-x0678,NC=1N=C(CN2C=NC(C#N)=N2)N=C(NC=3C=CC(F)=CC3)N1,Z228468438,OK,success,No
MUREECA-x0679,CCC=1C=C(NN1)C(=O)N2CCC(CN(C)CC=3C=CC=NC3)C2,Z1759859744,OK,success,No
MUREECA-x0680,O=C(NCC=1C=CC=C(C1)N2CCCC2=O)C=3C=CC=C4C=NNC34,Z407940970,OK: Jelly,success,No
MUREECA-x0681,CCN1C=C(C=N1)[C@H]2OCCC[C@@H]2NC(=O)C3=NNC=4CCCC34,Z1756708067,OK,success,No
MUREECA-x0682,CN1C=C(C=N1)C2=NC(=CS2)C(=O)NCC=3C=CNN3,Z649822922,OK,success,No
MUREECA-x0683,CCOC(C)C1=NOC(CC2=CSC(=N2)N3CCNC3=O)=N1,Z1216403474,OK,success,No
,COC=1C=CC(C(=O)N)=C(OCC2=CC(=O)N3C=CC(C)=CC3=N2)C1,Z26325537,FAIL: Melted,,
MUREECA-x0684,OC(=O)CN(CC=1C=CC=CC1)C(=O)CC2=NNC=3C=CC=CC23,Z1444360403,OK,success,No
MUREECA-x0685,CC=1C=C(CN2CCN(CC2)C(=O)C3=NNC=4C=CC=CC34)ON1,Z168760202,OK,success,No
MUREECA-x0686,CCC=1C=C(NN1)C(=O)NC[C@@H]2C[C@H](F)CN2CC3=CC(C)=NO3,Z1759563032,OK,Failed - low resolution,
MUREECA-x0687,Cl.CC1=NNC=2N=CC(CNCCOC=3C=CC=4OCOC4C3)=CC12,Z649978136,OK,success,No
MUREECA-x0688,CCC=1NN=C(NCC=2C=CC=CC2OCC=3C=CC=NC3)C1C,Z1434063749,OK,success,No
MUREECA-x0689,CC1=C(CCC(=O)NCC=2C=COC2)C(=O)NC=3N(C)NC(=O)C13,Z649748576,OK,success,No
MUREECA-x0690,CC1=NN=C(S1)N2CCN(CC=3N=C(N)C=4C=CC=CC4N3)CC2,Z1343180792,OK,success,No
MUREECA-x0691,CC(NC(=O)C1=NNC(=O)C=2C=CC=CC12)C3=NN=C4C=CC=CN34,Z131516146,OK,success,No
MUREECA-x0692,C(SC1=NN=C(N1)C=2C=CC=CC2)C3=NC=4C=CC=NC4N3,Z1033101872,OK,success,No
MUREECA-x0693,O=C(CC=1C=CC=NC1)NC2=CC(=NN2)C3=CC=4C=CC=CC4O3,Z1177707334,OK,success,No
MUREECA-x0694,CC=1NN=CC1S(=O)(=O)NC=2C=CC=CC2N3C=CC(=N3)C(=O)O,Z1233140741,OK,success,No
MUREECA-x0695,CN(C)C(=O)CC=1C=CC=CC1NCC=2C=C3C=CC=CC3=NC2O,Z1462566362,OK,success,No
,NC(=O)CCCNC(=O)CC1=CSC(=N1)C=2C=CC=3OCOC3C2,Z996066116,FAIL: Melted,,
MUREECA-x0696,CC1=CC(C)=C(C(=O)NCCNC=2N=CN=C3C=CC=CC23)C(=O)N1,Z1314059453,OK,success,No
MUREECA-x0697,O=C(NC=1C=CC=CC1OCC2=CSC=N2)C3=CC=4C=CC=CC4N3,Z980349258,OK,success,No
MUREECA-x0698,CCC1=NN(C)C=2NN=C(NC(=O)C3CC=4C=CC=CC4O3)C12,Z1212628882,OK,success,No
MUREECA-x0699,NC(=O)C=1C=CC=CC1OCC=2C=CC(C#N)=CC2,Z25777174,OK,success,No
MUREECA-x0700,CCC=1C=CC(=CC1S(=O)(=O)NC=2C=NN(CCO)C2)C(=O)O,Z826696564,OK,success,No
MUREECA-x0701,CC1=NC(=NN1)C=2C=CC=C(NCC=3C=CC(=C(C)C3)N4C=NC=N4)C2,Z1480757085,OK,success,No
MUREECA-x0702,NC=1N=C(N)N=C(SCC2=CSC(=N2)C3=CC=CO3)N1,Z241567956,OK,success,No
MUREECA-x0703,CC(C)(C)C1=NOC(=N1)C=2C=CC=CC2C(=O)N3CCC(C3)C(=O)N,Z1158308049,OK,Failed - low resolution,
,CC1=CN=C(NC(=O)CCC2=C(C)C=3C(C)=NN(C)C3NC2=O)S1,Z361929940,FAIL: Melted,,
,CC=1C=CC(C(=O)N)=C(OCC=2C=CC(C#N)=CC2)C1,Z217920818,FAIL: Melted,,
MUREECA-x0704,NC(=O)C=1C=CC=CC1OCCCOC=2C=CC=3OCOC3C2,Z883400278,OK,success,No
MUREECA-x0705,FC(F)(F)C=1C=CC(CNC(=O)C=2NN=C3CCCCC23)=CC1,Z358274380,OK,success,No
MUREECA-x0706,CC=1C=CC(NC2=NC(CN3C=NC(C#N)=N3)=CS2)=CC1,Z228464920,OK,success,No
MUREECA-x0707,OC(=O)CC(NC(=O)CC1=CNC=2C=C(F)C=CC12)C3=CC=CS3,Z1443750597,OK,success,No
MUREECA-x0708,COC=1C=CC(=CC1F)S(=O)(=O)NC=2C=CC=NC2O,Z968561832,OK,success,No
MUREECA-x0709,CN1C=C(C=N1)N2CCCC(NC=3C=CC(Cl)=C(C3)C(=O)N)C2=O,Z1281831612,OK,success,No
MUREECA-x0710,CC=1C=C(NN1)C(=O)NCCNC2=NC=3C=CC=CC3S2,Z733210418,OK,success,No
MUREECA-x0711,CCC1=NSC(NCC=2C=CC=CC2N3CCCC(C3)C(=O)N)=N1,Z1348386359,OK,success,No
MUREECA-x0712,CNC1=NN=C(SCCC2=NC=3C=CC=CC3C(=O)N2)S1,Z821291704,OK,success,No
MUREECA-x0713,NC=1N=C(N=C2C=CC=CC12)N3CCCC3C4=NN=C5CCCCCN45,Z1546688605,OK,None,
MUREECA-x0714,CC=1C=C(NN1)C(=O)NCCN2N=C3C=CC=CN3C2=O,Z816646802,OK,success,No
MUREECA-x0715,CC1=CC(=NN1)C2CCCN(C2)C(=O)C=3C=CC=C(C3)S(=O)(=O)C,Z1269731298,OK,success,No
,CCOCCOCC=1C=CC=C(CNC=2N=CN=C3N=CNC23)C1,Z644970508,FAIL: Melted,,
MUREECA-x0716,OC(=O)CC(NC(=O)CC1=CNC=2C=CC=CC12)C=3C=CC(F)=CC3,Z224125208,OK,success,No
MUREECA-x0717,COC=1C=CC(OCC2=CC(=O)N3C=C(C)C=CC3=N2)=C(C1)C(=O)N,Z963434718,OK,success,No
MUREECA-x0718,CC(CN(CC=1C=CC=CC1)C(=O)C2=NNC=3CCCCC23)C(=O)O,Z1444207363,OK,success,No
MUREECA-x0719,CC(C)C1=CC(=NN1)C(=O)NCCN2N=C3C=CC=CN3C2=O,Z816645476,OK,success,No
,CC(C)NC(=O)N1CCN(CC1)C(=O)C2=C(C)OC=3N=CNC(=O)C23,Z1127288512,FAIL: Melted,,
MUREECA-x0720,CCC1=NN=C(NC(=O)C(C)NC(=O)C=2NN=C3C=CC=CC23)S1,Z1021209608,OK,success,No
MUREECA-x0721,COC=1C=CC(=CC1)C2=NC(CNC(=O)C=3C=NC(C)=CN3)=NN2,Z1119645160,OK,success,No
,ClC=1C=CC=C(C1)C2=NN=C(NC(=O)C3CC3C=4C=CC=NC4)N2,Z1231976709,FAIL: Melted,,
MUREECA-x0722,CCC1=NOC(CN(C)CC=2N=C(N)C=3C=CC=CC3N2)=N1,Z1120825959,OK,success,No
MUREECA-x0723,COC=1C=CC(CNC(C2=NNC(C)=N2)C=3C=CC=CC3)=CC1,Z1084534512,OK,success,No
MUREECA-x0724,O=C(NCCNC(=O)C1=NC=2C=CC=CC2C(=O)N1)C=3C=CC=NC3,Z1149164411,OK,success,No
MUREECA-x0725,CC1=CC(=NN1C)C(=O)NC(C(=O)NC=2C=CNN2)C=3C=CC=CC3,Z1191230807,OK,success,No
MUREECA-x0726,COC=1C=CC(=CC1)C2=NC(CNC(=O)C=3C=CC(O)=NC3)=NN2,Z1119645296,OK,success,No
MUREECA-x0727,NC(=O)C1=CC(=NN1C=2C=CC=CC2)C(=O)NC3CCC=4C=CC=CC34,Z1172581671,OK,success,No
MUREECA-x0728,CS(=O)C=1C=CC(CNC2CCCN(C2)C3=NC=CNC3=O)=CC1,Z1758013572,OK,None,
MUREECA-x0729,CN1C=C(C=N1)C2=NC(COC=3C=CC=CC3C(=O)N)=CS2,Z650414262,OK,success,No
MUREECA-x0730,CCC=1C=CC(NC(=O)C2=COC=3C=CC=CC23)=CC1S(=O)(=O)N,Z1192820437,OK,success,No
MUREECA-x0731,CCC1=CC=2C(NC3CCCC4=C3C=NN4CCO)=NC=NC2S1,Z645321080,OK,success,No
MUREECA-x0732,CC(C)C1=NOC(=N1)C(C)NC=2C=CC=C(C2)N3CCCNC3=O,Z1282105741,OK,success,No
MUREECA-x0733,O=C(CC1=CSC(=N1)C=2C=CC=NC2)NC=3C=CNN3,Z910731756,OK: Melted,success,No
MUREECA-x0734,CS(=O)C1=NN=CN1CC2=CSC(NC=3C=CC=CC3C)=N2,Z1328965766,OK,success,No
MUREECA-x0735,CC=1C=C(NC(=O)CCC2=C(C)C=3C(C)=NN(C)C3NC2=O)NN1,Z666232532,OK: Melted,success,No
MUREECA-x0736,COC=1C=C(C=CN1)[C@H]2OCCC[C@@H]2NC(=O)C=3C=C(NN3)C(C)C,Z1756824711,OK,None,
MUREECA-x0737,CC(NC(=O)C1=CC(Cl)=CN1)C=2C=CC(=CC2)N3C=CN=C3,Z109305448,OK,success,No
MUREECA-x0738,CC(C)C1=NN=C(O1)C2CN(CCO2)C(=O)C=3C=CC=C4C=NNC34,Z1754197948,OK,success,No
,O=C1CNC(=O)N1CC=2C=CC(=CC2)C3=NC=4C=CC=CC4C(=O)N3,Z666586994,FAIL: Melted,,
MUREECA-x0739,CNC=1C=C(N=CN1)N2CCCC2CNC=3C=CC4=NN=NN4N3,Z1139198732,OK,success,No
MUREECA-x0740,OC=1C=CC(CNC2=CC=CC3=CNN=C23)=CC1,Z3228283128,OK,success,No
MUREECA-x0741,COC=1C=CC(CNC(=O)C2=NNC=3C=CC=CC23)=CN1,Z221228892,OK,success,No
MUREECA-x0742,CC(SC=1N=C(N)C=2C=CSC2N1)C=3C=CC=C(C3)[N+](=O)[O-],Z166467536,OK,success,No
MUREECA-x0743,NC(=O)C=1C=CC(=CN1)C(=O)N2CCC(C2)OC=3C=CC=CN3,Z1432909170,OK,success,No
MUREECA-x0744,CC=1C(CSC=2N=C(N)C=3C=CSC3N2)=CC=CC1[N+](=O)[O-],Z441212406,OK,success,No
MUREECA-x0745,CC1=NN=C(CN2CCCC(C2)C3=NNC(=N3)C=4C=CC=CC4)S1,Z1614131615,OK,success,No
MUREECA-x0746,OC=1C=CC(=CN1)C(=O)NCCNC(=O)C=2NN=C3C=CC=CC23,Z981111724,OK,success,No
MUREECA-x0747,CC1=NNC=2N=CC(NCC=3C=CC(C#N)=CC3)=CC12,Z1802347005,OK,success,No
MUREECA-x0748,COC(=O)CN1N=CC=2C(NCC=3C=NC(O)=NC3O)=NC=NC12,Z1262404550,OK,success,No
MUREECA-x0749,NC(=O)C=1C=CC(NS(=O)(=O)C2=CC(=CS2)C(=O)O)=CC1,Z132931720,OK,success,No
MUREECA-x0750,CNC(=O)NC(=O)C(C)SC=1N=C(N)C=2C(C)=C(C)SC2N1,Z324593544,OK,success,No
MUREECA-x0751,NC=1N=C(SCCCC2=NC=3C=CC=CC3O2)N=C4SC=CC14,Z821301506,OK,success,No
MUREECA-x0752,CCC(CCO)CNC1=NN2C(=O)C=CN=C2S1,Z1396653646,OK,success,No
MUREECA-x0753,CC1=NN(C)C=2NC(=O)C(CCC(=O)NCC3=CC=NN3C)=C(C)C12,Z371624082,OK,success,No
,CC(C)(C)C1=CN2N=C(NCCCC3=NC(=O)NN3)SC2=N1,Z1341629225,FAIL: Melted,,
,CC1=NC2=NC(N)=NN2C(C)=C1CC(=O)N3CCOC4CCCCC43,Z886909616,FAIL: Melted,,
MUREECA-x0754,O=C(CCC1CC=2C=CC=CC2NC1=O)NCC=3C=CC=NC3,Z223671374,OK,success,No
MUREECA-x0755,CC(NC(=O)C=1C=CC=NC1O)C=2C=CC=3NC(=O)NC3C2,Z666645730,OK,success,No
MUREECA-x0756,ClC=1C=CC(=CC1NC(=O)CCC=2C=CC=NC2)N3CCNC3=O,Z1185124459,OK,success,No
MUREECA-x0757,O=C(CC1=CNC=2N=CC=CC12)N3CCCC(C3)N4CCNC4=O,Z1400890685,OK,success,No
MUREECA-x0758,CC(=O)NC=1C=CC=C(NC(=O)CN2C=CC=CC2=O)C1,Z51853629,OK,success,No
MUREECA-x0759,CC(C(=O)NCC1=NNC(C)=N1)N2N=NC(=N2)C=3C=CC=CC3,Z1274121018,OK,Failed - low resolution,
MUREECA-x0760,CC=1SC=2N=C(CSC=3N=CC=CC3C(=O)O)N=C(N)C2C1C,Z317045196,OK,success,No
MUREECA-x0761,OC(=O)C=1C=CC(CCNC(=O)CC2=CNC=3C=CC=CC23)=CC1,Z224221052,OK,success,No
MUREECA-x0762,COC=1C=CC(CNC(=O)C2=NNC=3C=CC=CC23)=CC1C(=O)O,Z224264812,OK,Failed - low resolution,
MUREECA-x0763,COC=1C=CC(NC(=O)CS(=O)CC=2C=CC=C(C2)C(=O)N)=CC1,Z1138020853,OK,success,No
MUREECA-x0764,CC1=CC(=NO1)C(=O)NC(C(=O)NC=2C=CNN2)C=3C=CC=CC3,Z1126979295,OK,success,No
MUREECA-x0765,NC=1N=C(CN2CCCCC2CN3C=NC=N3)N=C4C=CC=CC14,Z1141132968,OK,Failed - low resolution,
MUREECA-x0766,COC=1C=CC(CN2C=C(C=N2)C(=O)N3CCCC3CN)=CC1,Z2242917793,OK,Failed - low resolution,
MUREECA-x0767,OCC1CCCN(C1)C=2C=C(NCC=3C=CC=4N=CC=CC4C3)N=CN2,Z1958483455,OK,None,
MUREECA-x0768,"C[C@@H]1CN(C[C@H]1C(=O)O)C(=O)CC=2C=CC=3C=NNC3C2 |&1:1,5,r",|Z2376880965,OK,success,No
,OC(=O)C=1C=CC(CNC(=O)C2CCC(=O)N2)=CC1,Z1455155305,FAIL,,
MUREECA-x0769,CC=1C=CC=2NN=C(C(=O)NC3CCC(CC3)C(=O)O)C2C1,Z1570104769,OK,success,No
MUREECA-x0770,OC(=O)CCC(NC(=O)CC1=CNC=2N=CC=CC12)C=3C=CC=CC3,Z1869684220,OK,None,
,NC(=O)COC=1C=CC(CCNC2=NC=3C=CC=CC3O2)=CC1,Z645390922,FAIL,,
MUREECA-x0771,CC=1C=CC=2NN=C(C(=O)N3CCOC(C3)C4=NN=CN4C)C2C1,Z1757022852,OK,None,
MUREECA-x0772,Cl.CC=1C=CC=2NN=C(C(=O)N3CCC(C3)C(=O)O)C2C1,Z1528727319,OK,success,No
MUREECA-x0773,CN1C=C(C=C1C(=O)NC(C)(C)CCC(=O)O)C(=O)N,Z1455199553,OK,success,No
MUREECA-x0774,CN(C1CCNC1)C(=O)CN2C(=O)NC=3C=CC=CC3C2=O,Z2242912768,OK,success,No
MUREECA-x0775,CN(CC=1C=CC(OC(F)F)=CC1)C(=O)C=2C=NC3=NNC(C)=C3C2,Z752254022,OK,success,No
,CN(CC(=O)NCC1=NN=C2CCCCN12)C=3N=CN=C4N=CNC34,Z769794590,FAIL: Melted,,
MUREECA-x0776,CC=1C=C(NN1)C(=O)NCC=2C=CN=C(C2)N3C=CC=N3,Z733239458,OK,success,No
MUREECA-x0777,COC=1C=C(CNC(=O)C2=NNC=3C=CC=CC23)C=CN1,Z243563742,OK,success,No
,NC(=O)C1CCN(C1)C(=O)CCC2=NC=3C=CC=CC3C(=O)N2,Z666947144,FAIL: Melted,,
,O=C(NCCC1=CNC=2C=CC=CC12)C3=NNC(=O)C=4C=CC=CC34,Z26395418,FAIL,,
MUREECA-x0778,CC1=CC(NC(=O)CN(CC=2C=CNN2)CC=3C=CC=CC3)=NO1,Z1127139266,OK,success,No
MUREECA-x0779,NC=1N=C(CN2C=NC(C#N)=N2)N=C3C=CC=CC13,Z228468604,OK,success,No
MUREECA-x0780,NC(=O)CN1CCCN(CC1)C(=O)CC=2C=NN(C2)C=3C=CC=CC3,Z845333020,OK,success,No
MUREECA-x0781,CC=1C=C(C)C=C(C1)C2=NN=C(SCC=3N=C(N)N=C(N)N3)O2,Z92636259,OK,success,No
MUREECA-x0782,CCN(CC=1C=CC(OC)=C(F)C1)CC=2N=C(N)N=C(N)N2,Z103948276,OK,success,No
MUREECA-x0783,CNC1=NC(CNC2=NN3C=C(C)N=C3S2)=CS1,Z1270084123,OK,success,No
MUREECA-x0784,CNS(=O)(=O)C=1C=CC(=CN1)C(=O)NC(C)C=2C=CNN2,Z2379492132,OK,success,No
MUREECA-x0785,CC1=CC(C)=C(CNC(=O)C2=CNC=3N=CC=CC23)C(=O)N1,Z804108370,OK,success,No
MUREECA-x0786,CC1=CC(CC(=O)NC=2C=CC=C(OC=3C=NC=CN3)C2)=NN1,Z1389502856,OK,success,No
MUREECA-x0787,COC=1C=CC(=CC1)C(C)(C)C(=O)NCCC=2C=CC=C(C2)C(=O)N,Z1438836112,OK,success,No
MUREECA-x0788,O=C(CCN1C=CC=N1)NC(C(=O)NC=2C=CNN2)C=3C=CC=CC3,Z1191230926,OK,success,No
MUREECA-x0789,ClC1=CC=C(S1)C2=CC(NC(=O)CC=3C=CC=NC3)=NN2,Z1523053611,OK,success,No
MUREECA-x0790,CC(C)CC=1C=C(NN1)C(=O)NCCC2=NOC(=N2)C=3C=CC=CN3,Z1174872997,OK,success,No
MUREECA-x0791,CN1N=CC=2C(N)=NC(=NC12)N3CCC(CN4C=CN=N4)CC3,Z1787637438,OK,success,No
MUREECA-x0792,CC(C)C1=NC(CN(C)C2CCN(C2)C(=O)C3=CC(C)=NN3)=NO1,Z1411438547,OK,Failed - low resolution,
MUREECA-x0793,CC1=NC(=CN1)C(=O)NC[C@@H]2C[C@H](F)CN2CC=3C=NN(C)C3,Z1759277492,OK,success,No
MUREECA-x0794,CCN(CC=1C=CC=2OCOC2C1)C(=O)C=3C=NC4=NNC(C)=C4C3,Z729805042,OK,success,No
MUREECA-x0795,CCC=1N=CC(NC(=O)N2CCCCC2C=3N=CNN3)=CN1,Z1671598133,OK,success,No
MUREECA-x0796,CNC(=O)C=1C=C(OC2CCN(C2)C(=O)C3=CC=CN3)C=CN1,Z1204553247,OK,success,No
MUREECA-x0797,CC(C)N1C=C(CNC=2C=CC(Cl)=C(C2)N3CCNC3=O)C=N1,Z1984528335,OK,success,No
MUREECA-x0798,C(N1CCCC(C1)C2=NNC(=N2)C=3C=CC=CC3)C=4C=CON4,Z1614129093,OK,success,No
MUREECA-x0799,CN1CCC(O)(CC1)C=2C=CC=C(Cl)N2,Z2204483625,OK,success,No
MUREECA-x0800,CC1=NOC(=N1)C2CCN(CC=3C=C4C=CC=CC4=NC3O)C2,Z2054653686,OK,success,No
,CN1CCC(O)(CC1)C=2C=CC(Cl)=NC2,Z3243694072,FAIL,,No
MUREECA-x0801,CCCN(CC1=NC=2C=C(Cl)C=CC2C(=O)N1)C(=O)C=3C=CNN3,Z381616952,OK,success,No
MUREECA-x0802,CN1CC(NCC1=O)C=2C=CC=CC2,Z3242731200,OK,success,No
MUREECA-x0803,FC(F)OC=1C=CC(CCC(=O)N2CCCC3=NNC=C23)=CC1,Z1928111543,OK,success,No
MUREECA-x0804,COC=1C=CC(CN2CCC2CN)=CC1,Z2491498223,OK,None,
MUREECA-x0805,CC(=O)NC=1C=CC(SC=2C=CC3=NN=C(N)N3N2)=CC1,Z285688150,OK,success,No
,NC=1NN=C(CCCNC=2C=CC3=NN=NN3N2)C1C#N,Z220420794,FAIL,,
,COC=1C=CC(CNC(=O)C2=CC(=NN2)C=3C=CC(C)=CC3)=CN1,Z226215246,FAIL: Melted,,
MUREECA-x0806,COC=1C=CC(=CC1)C2CCCN2C=3C=C(C=CN3)C(=O)N,Z954441040,OK,success,No
MUREECA-x0807,NC(=O)C=1C=CC=CC1NCC=2C=CC(C#N)=CC2,Z232515128,OK,success,No
MUREECA-x0808,CNC=1C=C(C(=O)NCCNC(=O)C(C)(C)C)C=2C=CC=CC2N1,Z1314018002,OK,success,No
MUREECA-x0809,COC=1C=C(CNC(=O)C2=CC(Cl)=CN2)C=CC1OCC(=O)N,Z666250770,OK,success,No
MUREECA-x0810,COC(=O)C=1C=CC(CNC(=O)C2=C(C)OC=3N=CNC(=O)C23)=CC1,Z139942108,OK,success,No
MUREECA-x0811,CN(CC1=NC=2C=CC=CC2C(=O)N1)CC3=NC=4C=CC=CC4NC3=O,Z991004054,OK,success,No
MUREECA-x0812,NC(=O)C=1C=CC=CC1OCC2=CN(N=N2)C=3C=CC(Cl)=CC3,Z1376464081,OK,success,No
MUREECA-x0813,O[C@@H]1COC[C@H]1N2C=C(N=N2)C(=O)NCC=3C=CC=4OCCC4C3,Z2400432799,OK,success,No
MUREECA-x0814,CN(CC=1C=CC(Cl)=NC1)C2CC2,Z1169033594,OK,success,No
,O=C(N1CCCC(C1)N2CCNC2=O)C=3C=CC=C4C=CNC34,Z1273698874,FAIL,,
MUREECA-x0815,Cl.CCCC(C)NC=1C=CC=C(C#N)C1,Z1642151030,OK,success,No
MUREECA-x0816,CC=1C=CC=2NN=C(C(=O)NC(CN)C3CC3)C2C1,Z2440418079,OK,success,No
,CN1CCNC(=O)C1C=2C=CC=CC2Cl,Z1653394708,FAIL,,
MUREECA-x0817,ClC=1C=CC(NCC=2C=CC=NC2)=CC1N3CCNC3=O,Z1984528451,OK,success,No
MUREECA-x0818,O=C(N1CCCC(C1)N2C=NC=3C=CC=CC23)C4=NNC=5CCCC45,Z1119625807,OK,success,No
MUREECA-x0819,NC(=O)C(NC1CCCN(C1=O)C=2C=CC=NC2)C=3C=CC=CC3,Z1651729217,OK,success,No
MUREECA-x0820,O=C(CC1=NNC=2C=CC=CC12)NC=3C=CC=NC3,Z826871136,OK,success,No
MUREECA-x0821,OC=1N=C2C=CC=CC2=CC1CNC3CCCN(C3)C=4C=CC=NN4,Z1234098811,OK,success,No
MUREECA-x0822,CC=1NN=CC1CCCNC(=O)NC2CCS(=O)(=O)C2,Z445986708,OK,success,No
MUREECA-x0823,OC(=O)C1CN(CCO1)C(=O)C=2C=C(NN2)C=3C=CC(F)=CC3,Z1445272300,OK,success,No
MUREECA-x0824,COCC1=NN(CC=2N=C(N)C=3C=4CCCCC4SC3N2)C(=O)O1,Z1607385949,OK,success,No
MUREECA-x0825,CC(C)N1CCN(CC1)C(=O)NC=2C=CC=C(Br)C2,Z409539354,OK,success,No
MUREECA-x0826,CN1CCN(CC1)C(=O)NC=2C=CC(Br)=CC2,Z177089770,OK: Cracked,success,No
MUREECA-x0827,CN1CCC(CC1)C(=O)NC=2C=CC=CC2,Z106886308,OK,None,No
,CN1CCN(CC1)C(=O)NC=2C=CC=CC2Br,Z409533532,FAIL: Melted,,
MUREECA-x0828,CC(C)N1CCN(CC1)C(=O)NC=2C=CC=C(Br)C2,Z409539354,OK,success,No
MUREECA-x0829,CN1CCN(CC1)C(=O)NC=2C=CC(Br)=CC2,Z177089770,OK,success,No
MUREECA-x0830,CN1CCC(CC1)C(=O)NC=2C=CC=CC2,Z106886308,OK,success,No
,CN1CCN(CC1)C(=O)NC=2C=CC=CC2Br,Z409533532,FAIL: Melted,,
